,26,52,96,151,170,172,205,270,271,272,274,282,300,307,309,345,357,360,361,366,367,387,411,422,423,428,442,448,452,462,468,469,479,547,572,618,619,633,670,672,673,709,713,739,741,745,791,801,825,858,870,875,876,888,893,915,945,950,995,1000,1002,1034,1058,1079,1131,1148,1177,1194,1213,1222,1239,1264,1265,1290,1322,1348,1410,1411,1437,1469,1471,1472,1478,1522,1529,1531,1532,1553,1574,1583,1586,1603,1607,1621,1652,1660,1712,1731,1736,1762
2020-02-08 18:00:00.000000000,-0.0,-0.0,-0.0,-0.0,-0.0,-0.0,-0.0,-0.0,-0.0,-0.0,-0.0,-0.0,-0.0,-0.0,-0.0,-0.0,-0.0,-0.0,-0.0,0.06731037416057697,-0.0,-0.0,-0.0,-0.0,0.16098290571184057,-0.0,-0.0,-0.0,-0.0,-0.0,-0.0,-0.0,-0.0,-0.0,-0.0,-0.0,-0.0,-0.0,-0.0,-0.0,-0.0,-0.0,-0.0,-0.0,-0.0,-0.0,-0.0,-0.0,-0.0,-0.0,0.04712678938462804,-0.0,-0.0,-0.0,-0.0,-0.0,-0.0,-0.0,-0.0,-0.0,-0.0,-0.0,-0.0,-0.0,-0.0,-0.0,-0.0,-0.0,-0.0,-0.0,-0.0,-0.0,-0.0,-0.0,-0.0,-0.0,-0.0,-0.0,-0.0,-0.0,-0.0,-0.0,-0.0,-0.0,-0.0,-0.0,-0.0,-0.0,-0.0,-0.0,-0.0,-0.0,-0.0,-0.0,-0.0,-0.0,-0.0,-0.0,-0.0,-0.0
2020-02-08 18:29:05.454545454,-0.0,-0.0,-0.0,-0.0,-0.0,-0.0,-0.0,-0.0,-0.0,-0.0,-0.0,-0.0,-0.0,-0.0,-0.0,-0.0,-0.0,-0.0,-0.0,0.06810886365176651,-0.0,-0.0,-0.0,-0.0,0.16123485379597152,-0.0,-0.0,-0.0,-0.0,-0.0,-0.0,-0.0,-0.0,-0.0,-0.0,-0.0,-0.0,-0.0,-0.0,-0.0,-0.0,-0.0,-0.0,-0.0,-0.0,-0.0,-0.0,-0.0,-0.0,-0.0,0.047379693762437836,-0.0,-0.0,-0.0,-0.0,-0.0,-0.0,-0.0,-0.0,-0.0,-0.0,-0.0,-0.0,-0.0,-0.0,-0.0,-0.0,-0.0,-0.0,-0.0,-0.0,-0.0,-0.0,-0.0,-0.0,-0.0,-0.0,-0.0,-0.0,-0.0,-0.0,-0.0,-0.0,-0.0,-0.0,-0.0,-0.0,-0.0,-0.0,-0.0,-0.0,-0.0,-0.0,-0.0,-0.0,-0.0,-0.0,-0.0,-0.0,-0.0
2020-02-08 18:58:10.909090909,-0.0,-0.0,-0.0,-0.0,-0.0,-0.0,-0.0,-0.0,-0.0,-0.0,-0.0,-0.0,-0.0,-0.0,-0.0,-0.0,-0.0,-0.0,-0.0,0.0790931329168799,-0.0,-0.0,-0.0,-0.0,0.17776595825715005,-0.0,-0.0,-0.0,-0.0,-0.0,-0.0,-0.0,-0.0,-0.0,-0.0,-0.0,-0.0,-0.0,-0.0,-0.0,-0.0,-0.0,-0.0,-0.0,-0.0,-0.0,-0.0,-0.0,-0.0,-0.0,0.06029515636440131,-0.0,-0.0,-0.0,-0.0,-0.0,-0.0,-0.0,-0.0,-0.0,-0.0,-0.0,-0.0,-0.0,-0.0,-0.0,-0.0,-0.0,-0.0,-0.0,-0.0,-0.0,-0.0,-0.0,-0.0,-0.0,-0.0,-0.0,-0.0,-0.0,-0.0,-0.0,-0.0,-0.0,-0.0,-0.0,-0.0,-0.0,-0.0,-0.0,-0.0,-0.0,-0.0,-0.0,-0.0,-0.0,-0.0,-0.0,-0.0,-0.0
2020-02-08 19:27:16.363636363,-0.0,-0.0,-0.0,-0.0,-0.0,-0.0,-0.0,-0.0,-0.0,-0.0,-0.0,-0.0,-0.0,-0.0,-0.0,-0.0,-0.0,-0.0,-0.0,0.10481087959546664,-0.0,-0.0,-0.0,-0.0,0.21291971235172671,-0.0,-0.0,-0.0,-0.0,-0.0,-0.0,-0.0,-0.0,-0.0,-0.0,-0.0,-0.0,-0.0,-0.0,-0.0,-0.0,-0.0,-0.0,-0.0,-0.0,-0.0,-0.0,-0.0,-0.0,-0.0,0.08601962513456404,-0.0,-0.0,-0.0,-0.0,-0.0,-0.0,-0.0,-0.0,-0.0,-0.0,-0.0,-0.0,-0.0,-0.0,-0.0,-0.0,-0.0,-0.0,-0.0,-0.0,-0.0,-0.0,-0.0,-0.0,-0.0,-0.0,-0.0,-0.0,-0.0,-0.0,-0.0,-0.0,-0.0,-0.0,-0.0,-0.0,-0.0,-0.0,-0.0,-0.0,-0.0,-0.0,-0.0,-0.0,-0.0,-0.0,-0.0,-0.0,-0.0
2020-02-08 19:56:21.818181818,-0.0,-0.0,-0.0,-0.0,-0.0,-0.0,-0.0,-0.0,-0.0,-0.0,-0.0,-0.0,-0.0,-0.0,-0.0,-0.0,-0.0,-0.0,-0.0,0.1029532153661755,-0.0,-0.0,-0.0,-0.0,0.21377809411352783,-0.0,-0.0,-0.0,-0.0,-0.0,-0.0,-0.0,-0.0,-0.0,-0.0,-0.0,-0.0,-0.0,-0.0,-0.0,-0.0,-0.0,-0.0,-0.0,-0.0,-0.0,-0.0,-0.0,-0.0,-0.0,0.07966264570983392,-0.0,-0.0,-0.0,-0.0,-0.0,-0.0,-0.0,-0.0,-0.0,-0.0,-0.0,-0.0,-0.0,-0.0,-0.0,-0.0,-0.0,-0.0,-0.0,-0.0,-0.0,-0.0,-0.0,-0.0,-0.0,-0.0,-0.0,-0.0,-0.0,-0.0,-0.0,-0.0,-0.0,-0.0,-0.0,-0.0,-0.0,-0.0,-0.0,-0.0,-0.0,-0.0,-0.0,-0.0,-0.0,-0.0,-0.0,-0.0,-0.0
2020-02-08 20:25:27.272727272,-0.0,-0.0,-0.0,-0.0,-0.0,-0.0,-0.0,-0.0,-0.0,-0.0,-0.0,-0.0,-0.0,-0.0,-0.0,-0.0,-0.0,-0.0,-0.0,0.1033845796100873,-0.0,-0.0,-0.0,-0.0,0.20890792502900507,-0.0,-0.0,-0.0,-0.0,-0.0,-0.0,-0.0,-0.0,-0.0,-0.0,-0.0,-0.0,-0.0,-0.0,-0.0,-0.0,-0.0,-0.0,-0.0,-0.0,-0.0,-0.0,-0.0,-0.0,-0.0,0.08440793745307776,-0.0,-0.0,-0.0,-0.0,-0.0,-0.0,-0.0,-0.0,-0.0,-0.0,-0.0,-0.0,-0.0,-0.0,-0.0,-0.0,-0.0,-0.0,-0.0,-0.0,-0.0,-0.0,-0.0,-0.0,-0.0,-0.0,-0.0,-0.0,-0.0,-0.0,-0.0,-0.0,-0.0,-0.0,-0.0,-0.0,-0.0,-0.0,-0.0,-0.0,-0.0,-0.0,-0.0,-0.0,-0.0,-0.0,-0.0,-0.0,-0.0
2020-02-08 20:54:32.727272727,-0.0,-0.0,-0.0,-0.0,-0.0,-0.0,-0.0,-0.0,-0.0,-0.0,-0.0,-0.0,-0.0,-0.0,-0.0,-0.0,-0.0,-0.0,-0.0,0.11858943469505435,-0.0,-0.0,-0.0,-0.0,0.23203943979236527,-0.0,-0.0,-0.0,-0.0,-0.0,-0.0,-0.0,-0.0,-0.0,-0.0,-0.0,-0.0,-0.0,-0.0,-0.0,-0.0,-0.0,-0.0,-0.0,-0.0,-0.0,-0.0,-0.0,-0.0,-0.0,0.10257411473847272,-0.0,-0.0,-0.0,-0.0,-0.0,-0.0,-0.0,-0.0,-0.0,-0.0,-0.0,-0.0,-0.0,-0.0,-0.0,-0.0,-0.0,-0.0,-0.0,-0.0,-0.0,-0.0,-0.0,-0.0,-0.0,-0.0,-0.0,-0.0,-0.0,-0.0,-0.0,-0.0,-0.0,-0.0,-0.0,-0.0,-0.0,-0.0,-0.0,-0.0,-0.0,-0.0,-0.0,-0.0,-0.0,-0.0,-0.0,-0.0,-0.0
2020-02-08 21:23:38.181818181,-0.0,-0.0,-0.0,-0.0,-0.0,-0.0,-0.0,-0.0,-0.0,-0.0,-0.0,-0.0,-0.0,-0.0,-0.0,-0.0,-0.0,-0.0,-0.0,0.13558750234102165,-0.0,-0.0,-0.0,-0.0,0.25857646664189726,-0.0,-0.0,-0.0,-0.0,-0.0,-0.0,-0.0,-0.0,-0.0,-0.0,-0.0,-0.0,-0.0,-0.0,-0.0,-0.0,-0.0,-0.0,-0.0,-0.0,-0.0,-0.0,-0.0,-0.0,-0.0,0.1259426103283193,-0.0,-0.0,-0.0,-0.0,-0.0,-0.0,-0.0,-0.0,-0.0,-0.0,-0.0,-0.0,-0.0,-0.0,-0.0,-0.0,-0.0,-0.0,-0.0,-0.0,-0.0,-0.0,-0.0,-0.0,0.006648379509537437,-0.0,-0.0,-0.0,-0.0,-0.0,-0.0,-0.0,-0.0,-0.0,-0.0,-0.0,-0.0,-0.0,-0.0,-0.0,-0.0,-0.0,-0.0,-0.0,-0.0,-0.0,-0.0,-0.0,-0.0
2020-02-08 21:52:43.636363636,-0.0,-0.0,-0.0,-0.0,-0.0,-0.0,-0.0,-0.0,-0.0,-0.0,-0.0,-0.0,-0.0,-0.0,-0.0,-0.0,-0.0,-0.0,0.02990595448686269,0.20367909978881144,-0.0,-0.0,-0.0,-0.0,0.3354138028204404,-0.0,-0.0,-0.0,-0.0,-0.0,-0.0,-0.0,-0.0,-0.0,-0.0,-0.0,-0.0,-0.0,-0.0,-0.0,-0.0,-0.0,-0.0,-0.0,-0.0,-0.0,-0.0,-0.0,-0.0,-0.0,0.18180927123805307,-0.0,-0.0,-0.0,-0.0,-0.0,-0.0,-0.0,-0.0,-0.0,-0.0,-0.0,-0.0,-0.0,-0.0,-0.0,-0.0,-0.0,-0.0,-0.0,0.02932825019993871,-0.0,-0.0,-0.0,-0.0,0.04088174411127061,-0.0,-0.0,-0.0,-0.0,-0.0,-0.0,-0.0,-0.0,-0.0,-0.0,-0.0,-0.0,-0.0,-0.0,-0.0,-0.0,-0.0,-0.0,-0.0,-0.0,-0.0,-0.0,-0.0,-0.0
2020-02-08 22:21:49.090909090,-0.0,-0.0,-0.0,-0.0,0.018193715746736137,-0.0,-0.0,-0.0,-0.0,-0.0,-0.0,-0.0,-0.0,-0.0,-0.0,-0.0,-0.0,-0.0,0.13280752241336694,0.35753656131387473,-0.0,-0.0,-0.0,-0.0,0.4126733951570297,-0.0,-0.0,-0.0,-0.0,-0.0,-0.0,-0.0,-0.0,-0.0,-0.0,-0.0,-0.0,-0.0,-0.0,-0.0,0.009864716792916672,-0.0,0.05998458739471772,-0.0,-0.0,-0.0,-0.0,-0.0,-0.0,-0.0,0.21995799383257214,-0.0,-0.0,-0.0,-0.0,-0.0,-0.0,-0.0,-0.0,-0.0,-0.0,-0.0,-0.0,-0.0,-0.0,-0.0,-0.0,-0.0,-0.0,-0.0,0.13051575126373524,-0.0,-0.0,-0.0,-0.0,0.11585004039004466,-0.0,0.06482985342483719,-0.0,0.04640243429639655,-0.0,-0.0,-0.0,-0.0,-0.0,-0.0,-0.0,0.06262732257223735,-0.0,0.023606677489172445,-0.0,-0.0,-0.0,-0.0,-0.0,-0.0,-0.0,-0.0,-0.0,-0.0
2020-02-08 22:50:54.545454545,-0.0,-0.0,-0.0,-0.0,0.13800736701619734,-0.0,-0.0,-0.0,0.007104125009454715,-0.0,-0.0,-0.0,-0.0,-0.0,-0.0,-0.0,-0.0,-0.0,0.38162917728809614,0.8360619909468243,0.19497164569636294,-0.0,-0.0,-0.0,0.640128143941457,-0.0,-0.0,-0.0,-0.0,-0.0,-0.0,-0.0,-0.0,-0.0,-0.0,-0.0,-0.0,-0.0,-0.0,-0.0,0.08275229198543278,-0.0,0.2741097491216442,-0.0,-0.0,-0.0,-0.0,-0.0,-0.0,-0.0,0.36069139801837113,-0.0,-0.0,-0.0,0.09347791127228415,-0.0,-0.0,0.012211994958113329,-0.0,-0.0,-0.0,-0.0,-0.0,-0.0,-0.0,-0.0,-0.0,-0.0,-0.0,-0.0,0.324280745646973,-0.0,-0.0,-0.0,-0.0,0.4636288982176695,-0.0,0.16095526276454913,-0.0,0.32938156863151424,-0.0,-0.0,-0.0,0.0019382529747017962,-0.0,-0.0,-0.0,0.19984669632891966,-0.0,0.17373199326637936,-0.0,-0.0,-0.0,-0.0,-0.0,0.03813440656814908,-0.0,-0.0,0.011977293393681908,-0.0
2020-02-08 23:20:00.000000000,-0.0,-0.0,-0.0,-0.0,0.346381042733231,0.016406637395312923,-0.0,-0.0,0.08735920454433238,-0.0,-0.0,-0.0,-0.0,-0.0,-0.0,-0.0,-0.0,-0.0,0.7552513919956665,1.0,0.6295888396498422,-0.0,-0.0,0.2000582522232411,1.0,-0.0,-0.0,-0.0,-0.0,-0.0,0.03701905979045778,-0.0,-0.0,0.06769458487874218,-0.0,0.0667202338474624,-0.0,-0.0,-0.0,-0.0,0.28447187086969145,-0.0,0.43813836253536875,-0.0,-0.0,0.03241455122394517,-0.0,-0.0,-0.0,-0.0,0.728579328222416,0.09402220240538185,-0.0,-0.0,0.3388632108021479,-0.0,-0.0,0.07869703634891169,-0.0,0.011229147256464296,-0.0,-0.0,-0.0,-0.0,-0.0,-0.0,-0.0,-0.0,-0.0,-0.0,0.5899608890113166,-0.0,0.028236692176128387,-0.0,-0.0,1.0,-0.0,0.26972132694840234,-0.0,0.827856452838173,-0.0,-0.0,-0.0,0.08641491421503791,-0.0,-0.0,-0.0,0.426541589237959,-0.0,0.502379678453812,-0.0,-0.0,-0.0,0.0809624085107135,-0.0,0.37151588873686964,-0.0,-0.0,0.2145806014168213,-0.0
2020-02-08 23:49:05.454545454,-0.0,-0.0,-0.0,-0.0,0.636291042424162,0.2549635191402891,-0.0,-0.0,0.27465498196607047,0.0476003862110758,-0.0,-0.0,-0.0,-0.0,-0.0,-0.0,-0.0,-0.0,1.0,1.0,1.0,-0.0,0.021672433893707824,1.0,1.0,-0.0,-0.0,-0.0,-0.0,-0.0,0.09933304599990828,-0.0,-0.0,0.3305998718212892,0.09376124016712568,0.15416029915460705,-0.0,0.004601943828026576,-0.0,0.0612187184625058,0.50973467556076,0.0680604576921172,0.5945659223331073,0.024801453603235837,-0.0,0.12467590571402196,-0.0,-0.0,-0.0,-0.0,1.0,0.3012702960645737,-0.0,-0.0,0.5200260315667486,-0.0,-0.0,0.167640122476992,-0.0,0.2141329062782337,-0.0,-0.0,0.17443789610207844,0.06205180798410602,-0.0,-0.0,-0.0,-0.0,-0.0,-0.0,0.9366980514367929,-0.0,0.17364766345332544,-0.0,-0.0,1.0,-0.0,0.38803290640622573,-0.0,1.0,-0.0,0.14330596431493,-0.0,0.26100993789263893,-0.0,-0.0,-0.0,0.5927090703396328,-0.0,0.9415242959827494,-0.0,-0.0,-0.0,0.3289357600084096,-0.0,1.0,-0.0,-0.0,0.47199557507445206,-0.0
2020-02-09 00:18:10.909090909,-0.0,-0.0,0.06223352537273199,0.06218866914372741,0.9651453520999316,0.5743983404415419,-0.0,0.39633663299692146,0.7542266081283603,0.521905740770648,0.2897942606778194,-0.0,-0.0,-0.0,-0.0,-0.0,-0.0,0.043178455072933705,1.0,1.0,1.0,-0.0,0.043683097986621185,1.0,1.0,-0.0,-0.0,-0.0,-0.0,-0.0,0.12637212816064164,-0.0,0.01920645824239208,0.6740711979673567,0.4517669248663883,0.21414608328014723,0.016801739601854937,0.04730139204777328,0.026940836058407445,0.08427034466384575,0.5793201310790265,0.11872869273819525,0.6765513055287578,0.06572475712536892,-0.0,0.16583238785844429,-0.0,0.004684381184091835,-0.0,-0.0,1.0,0.5260687516207038,-0.0,-0.0,0.6810459836830104,-0.0,-0.0,0.1993548813464022,-0.0,0.45034099882203876,-0.0,-0.0,0.41284531143459746,0.20249064107276765,-0.0,-0.0,-0.0,0.2991802391654478,-0.0,-0.0,1.0,-0.0,0.31895063615197483,-0.0,0.012499165517191357,1.0,-0.0,0.48000955414015656,-0.0,1.0,-0.0,0.5523296550251869,-0.0,0.7598632366272907,-0.0,-0.0,-0.0,0.729575523655494,-0.0,1.0,-0.0,-0.0,-0.0,0.6178970780667097,-0.0,1.0,-0.0,-0.0,0.7666115607181743,-0.0
2020-02-09 00:47:16.363636363,-0.0,-0.0,0.09921465586790461,0.10356432708447001,1.0,0.8600440471184332,-0.0,0.8061895783659598,1.0,0.8488448152188348,0.4895400023726201,-0.0,-0.0,-0.0,-0.0,-0.0,-0.0,0.07393118324809482,1.0,1.0,1.0,-0.0,0.06569816769470754,1.0,1.0,-0.0,-0.0,-0.0,-0.0,-0.0,0.13882983512323438,-0.0,0.03222667828808149,0.9285295555426706,0.594791352866116,0.24786001762969456,0.04168152950404409,0.058452983305209955,0.050678316669548314,0.0952158103521211,0.6149236478687226,0.14568627064458642,0.7212047309242778,0.07519784100022049,-0.0,0.1884983880840676,-0.0,0.01567888089806588,-0.0,-0.0,1.0,0.6568077666365051,-0.0,-0.0,0.7583441026405673,-0.0,-0.0,0.224914173524898,-0.0,0.5956216108830993,-0.0,-0.0,0.5740185705689627,0.292211856921612,-0.0,-0.0,-0.0,0.4793124935009414,-0.0,-0.0,1.0,-0.0,0.37891724002554356,0.014929445586500929,0.020888994973544718,1.0,-0.0,0.5591888666595929,-0.0,1.0,-0.0,0.9710199053151638,-0.0,1.0,-0.0,0.02229513337024085,-0.0,0.8092796252802452,-0.0,1.0,0.006820220878302115,-0.0,-0.0,0.8161941305749213,-0.0,1.0,-0.0,-0.0,0.9420730231757949,-0.0
2020-02-09 01:16:21.818181818,-0.0,-0.0,0.15602669732801774,0.17181378252912416,1.0,0.9904912231559388,-0.0,0.9933794598852388,1.0,1.0,0.7525293160321538,-0.0,-0.0,-0.0,-0.0,-0.0,-0.0,0.18241217521670103,1.0,1.0,1.0,-0.0,0.08943390107587598,1.0,1.0,-0.0,-0.0,-0.0,-0.0,-0.0,0.15888679666872355,-0.0,0.04943648374018169,1.0,0.9137374546243828,0.2888921300434752,0.07228540567761266,0.07837337500330815,0.08350509300111328,0.11242990275299325,0.6719504297625518,0.1827002267260312,0.7847469004585956,0.08715546879445503,-0.0,0.2175656714973359,-0.0,0.03004835359233535,-0.0,-0.0,1.0,0.8005456888399864,-0.0,-0.0,0.8593359175609816,-0.0,0.016647108315997278,0.258328404919622,-0.0,0.7273625445389712,-0.0,-0.0,0.7017911226290857,0.4109815272468682,-0.0,-0.0,-0.0,0.7463602098144455,-0.0,-0.0,1.0,-0.0,0.4836339808334826,0.054775685820881506,0.03244522998646128,1.0,-0.0,0.6479526100674613,-0.0,1.0,-0.0,1.0,-0.0,1.0,-0.0,0.05203641580431335,0.003188624870996856,0.9226873955939274,-0.0,1.0,0.043083156498178635,-0.0,-0.0,0.9584999503504472,-0.0,1.0,-0.0,-0.0,1.0,-0.0
2020-02-09 01:45:27.272727272,-0.0,-0.0,0.25566513619220105,0.2690931812163282,1.0,1.0,0.005987975032050436,1.0,1.0,1.0,0.9627049434892838,-0.0,-0.0,-0.0,-0.0,-0.0,-0.0,0.4020266192265025,1.0,1.0,1.0,-0.0,0.13153596157153186,1.0,1.0,-0.0,-0.0,-0.0,-0.0,-0.0,0.1891160494086734,-0.0,0.09090825524952968,1.0,1.0,0.35160385503006814,0.12800355854405868,0.10489789088617744,0.1435302124555406,0.1381871964676668,0.7573258991648187,0.24540715398438454,0.8857572871774301,0.11077980996596574,0.03317498308460421,0.25888010993145766,-0.0,0.05023481034634569,-0.0,-0.0,1.0,0.8954581291674969,-0.0,-0.0,1.0,-0.0,0.07157387790639778,0.31067385613301873,-0.0,0.8191888396911289,-0.0,-0.0,0.79378362718177,0.5986804690929237,-0.0,-0.0,-0.0,0.9371552711502474,-0.0,-0.0,1.0,-0.0,0.6106374646862567,0.12599176744089968,0.05510713461842692,1.0,-0.0,0.7702808121907713,-0.0,1.0,-0.0,1.0,0.04520891007108762,1.0,-0.0,0.09813661733536343,0.03921421500773087,1.0,0.010096343414518908,1.0,0.11483762815009467,-0.0,-0.0,1.0,-0.0,1.0,0.0417027372146377,-0.0,1.0,-0.0
2020-02-09 02:14:32.727272727,0.0005962933423429279,-0.0,0.3926402545734847,0.4381924132453236,1.0,1.0,0.049960396434337716,1.0,1.0,1.0,1.0,0.03496318208165075,-0.0,0.024827871771756854,-0.0,-0.0,-0.0,0.5609058385452735,1.0,1.0,1.0,-0.0,0.18468551024242624,1.0,1.0,-0.0,-0.0,-0.0,-0.0,-0.0,0.2213662762863604,-0.0,0.10837355547586384,1.0,1.0,0.4378190715238472,0.20285510898753656,0.14106172225417288,0.22219557831774622,0.16567323679723092,0.8612016704805555,0.32579284795315155,1.0,0.13854105548555704,0.07894681140105951,0.3016651360288201,-0.0,0.07151955530728644,-0.0,-0.0,1.0,1.0,-0.0,-0.0,1.0,-0.0,0.1479309357010707,0.3746277423531253,-0.0,0.9238976313713486,-0.0,-0.0,0.8960676885003286,0.7094417998686351,-0.0,-0.0,-0.0,1.0,-0.0,-0.0,1.0,-0.0,0.6874879562417022,0.2210748815844236,0.07963894002069502,1.0,-0.0,0.8326110434961724,-0.0,1.0,-0.0,1.0,0.11945169300212222,1.0,-0.0,0.15772403737377372,0.09703948602218793,1.0,0.03178023664602942,1.0,0.2075656028655753,-0.0,-0.0,1.0,-0.0,1.0,0.1128789323819312,-0.0,1.0,-0.0
2020-02-09 02:43:38.181818181,0.03334719860128255,-0.0,0.5554720435181171,0.6770155329589569,1.0,1.0,0.1469638431856885,1.0,1.0,1.0,1.0,0.12909174973399093,-0.0,0.10864144325469384,-0.0,-0.0,-0.0,0.757412245870006,1.0,1.0,1.0,-0.0,0.29603913517304997,1.0,1.0,-0.0,-0.0,-0.0,-0.0,-0.0,0.2985623203667795,-0.0,0.1516085382985512,1.0,1.0,0.5733989592716746,0.32590825269425494,0.21270167312158117,0.3632995184512701,0.2176033637460582,1.0,0.4676070954339794,1.0,0.19948045216231983,0.1932089026446402,0.3714353025018273,0.019746500301524063,0.12368739721545224,-0.0,0.043055369202288495,1.0,1.0,-0.0,-0.0,1.0,0.05180034445653171,0.29860925224674806,0.49428951357557965,0.008923935583796868,1.0,-0.0,-0.0,1.0,0.8236810961413457,-0.0,-0.0,-0.0,1.0,-0.0,-0.0,1.0,-0.0,0.8056424550086191,0.41538793229513704,0.13486146586724787,1.0,-0.0,0.9423807434524658,-0.0,1.0,-0.0,1.0,0.2562943567607671,1.0,-0.0,0.27992262000892354,0.1957607079692125,1.0,0.08075677467610987,1.0,0.41995428386927347,-0.0,0.0406645846244511,1.0,0.043733429041073274,1.0,0.23915305976203338,-0.0,1.0,0.020593302626727265
2020-02-09 03:12:43.636363636,0.0703121484920497,-0.0,0.6796329622597729,0.799852124614138,1.0,1.0,0.2762107866349543,1.0,1.0,1.0,1.0,0.257539427208958,-0.0,0.22327518513803798,-0.0,-0.0,-0.0,0.8701228780417425,1.0,1.0,1.0,-0.0,0.44801002756724234,1.0,1.0,-0.0,-0.0,-0.0,-0.0,0.0005439297483859988,0.3528967463979737,-0.0,0.20029704591323272,1.0,1.0,0.7837602193323686,0.5229400793210058,0.3063530290810028,0.585454006218753,0.3013627724974547,1.0,0.6819940088337232,1.0,0.2719846403582471,0.350270241363116,0.44177462082928304,0.05397627849873792,0.15948984926002285,-0.0,0.144695364865242,1.0,1.0,-0.0,-0.0,1.0,0.1626960562423108,0.5265258692585272,0.6468549592963528,0.03273123319178062,1.0,-0.0,-0.0,1.0,0.930176689381993,-0.0,-0.0,-0.0,1.0,-0.0,0.012926464416511392,1.0,-0.0,0.9104668508347634,0.5655857548508902,0.20520442770300143,1.0,-0.0,1.0,-0.0,1.0,0.04874613197582122,1.0,0.46396941392877167,1.0,-0.0,0.4616026983070064,0.3265188085704699,1.0,0.1446387444543296,1.0,0.551051995625321,-0.0,0.15377285564231905,1.0,0.1287920731990654,1.0,0.4355606770302723,0.009397549285377093,1.0,0.046518532806831436
2020-02-09 03:41:49.090909090,0.09197599342007937,-0.0,0.7327282715124115,0.859422914985192,1.0,1.0,0.383952974400152,1.0,1.0,1.0,1.0,0.3552392359474449,-0.0,0.30167345370545096,0.02145800417211313,-0.0,-0.0,0.9229786127879441,1.0,1.0,1.0,-0.0,0.5596563837315496,1.0,1.0,-0.0,-0.0,-0.0,-0.0,0.006992456940378259,0.37948434135142245,-0.0,0.23148351723609442,1.0,1.0,0.9962238282967256,0.6992492248975845,0.3796494503744133,0.7093888939333998,0.3232094642268687,1.0,0.8294011144235474,1.0,0.3085074323353983,0.4525572479323336,0.5054290092965867,0.0730523307547939,0.1777057663756069,-0.0,0.210228482102676,1.0,1.0,-0.0,-0.0,1.0,0.23693205516918692,0.6143823918438749,0.7800744182050159,0.09493902277040671,1.0,-0.0,-0.0,1.0,1.0,-0.0,-0.0,-0.0,1.0,-0.0,0.04652662727575131,1.0,0.006786201672471629,0.9553233785435288,0.6166589527082512,0.2555119588189018,1.0,-0.0,1.0,-0.0,1.0,0.10570217473523662,1.0,0.5673006254274202,1.0,-0.0,0.6162814761099001,0.46166584560043217,1.0,0.18772728412505027,1.0,0.6001579304647606,-0.0,0.2227507896106832,1.0,0.17636538406664665,1.0,0.5823720312053928,0.03278461129706606,1.0,0.06171623804696152
2020-02-09 04:10:54.545454545,0.09324672639065566,-0.0,0.7396509412161467,0.8819619303585486,1.0,1.0,0.4376925535955427,1.0,1.0,1.0,1.0,0.3846028955929337,-0.0,0.3242576524613198,0.022670931187040118,-0.0,0.0013338364976368403,0.9340975362938652,1.0,1.0,1.0,-0.0,0.5940107909465345,1.0,1.0,-0.0,-0.0,-0.0,-0.0,0.0036544130042804423,0.3802894010323576,-0.0,0.24374217194239473,1.0,1.0,1.0,0.7359080451539262,0.40734693276756784,0.7416933972095133,0.3232789156292637,1.0,0.8678901587275287,1.0,0.30905203816995647,0.4609966078239469,0.5108170757128244,0.07213732143107845,0.18060092717848145,-0.0,0.2193605363480035,1.0,1.0,-0.0,-0.0,1.0,0.2567643144755852,0.6424455598495163,0.8541674890364238,0.09620784654052521,1.0,-0.0,-0.0,1.0,1.0,-0.0,-0.0,-0.0,1.0,-0.0,0.048487505952991526,1.0,0.009752929617422874,0.9553853820262281,0.6211734690007041,0.2697791080511696,1.0,-0.0,1.0,-0.0,1.0,0.13455823003968098,1.0,0.6006166559476922,1.0,-0.0,0.6420978913934344,0.5048183046334304,1.0,0.19887865260671464,1.0,0.6030964539338142,-0.0,0.2304974163873923,1.0,0.17132855179655157,1.0,0.6143862667383677,0.04096250392748916,1.0,0.06432929767235845
2020-02-09 04:40:00.000000000,0.08074128892069413,-0.0,0.7115009037245268,0.873566837469835,1.0,1.0,0.4392103067843247,1.0,1.0,1.0,1.0,0.35712758324898686,-0.0,0.29497453559243786,0.010229991177382783,-0.0,0.0024173027367602185,0.9150351611379085,1.0,1.0,1.0,-0.0,0.5467025957179314,1.0,1.0,-0.0,-0.0,-0.0,-0.0,-0.0,0.36499079259556416,-0.0,0.23998954613903345,1.0,1.0,1.0,0.7322839318465089,0.38807900174215376,0.7357210891844629,0.3083122053847952,1.0,0.8586556329091856,1.0,0.28803161661050747,0.3852713812882573,0.5085039632698541,0.05993706368983462,0.17565285523327592,-0.0,0.18739691989923696,1.0,1.0,-0.0,-0.0,1.0,0.23220842148863374,0.6360905663484474,0.8596688989017747,0.08650837756604997,1.0,-0.0,-0.0,1.0,1.0,-0.0,-0.0,-0.0,1.0,-0.0,0.021584060764969347,1.0,0.009046292097822439,0.9181220077316197,0.5951519018461029,0.25173410033937943,1.0,-0.0,1.0,-0.0,1.0,0.13050139435566938,1.0,0.5866747634308731,1.0,-0.0,0.6285031133570508,0.49120241996878367,1.0,0.18088207790886213,1.0,0.5741740160315043,-0.0,0.18698675589757374,1.0,0.12413139914397223,1.0,0.6098325253384539,0.039036864058105136,1.0,0.05800548591627522
2020-02-09 05:09:05.454545454,0.09340326184240792,-0.0,0.7170633538666757,0.896244336380744,1.0,1.0,0.5154692577548126,1.0,1.0,1.0,1.0,0.39840770363535416,-0.0,0.34936366440426486,0.03794214103388398,-0.0,0.02096228138565209,0.9564916223766775,1.0,1.0,1.0,-0.0,0.5856112195581431,1.0,1.0,-0.0,-0.0,-0.0,-0.0,0.0030388789645236273,0.3911007321813608,-0.0,0.2687396336344148,1.0,1.0,1.0,0.746710206023633,0.40907357606595396,0.7584339228773971,0.3287597308485771,1.0,0.864136618744815,1.0,0.32503909474432,0.4086071104195316,0.524065237886097,0.07979697790297695,0.1959662991570978,-0.0,0.2274915097906321,1.0,1.0,-0.0,-0.0,1.0,0.2906423970881952,0.6618303970209488,0.9212338853605262,0.10301361042783025,1.0,-0.0,-0.0,1.0,1.0,-0.0,-0.0,-0.0,1.0,-0.0,0.04605277319445414,1.0,0.037224642654466296,0.9459724498444616,0.6001515302605033,0.27332532625640543,1.0,-0.0,1.0,-0.0,1.0,0.1763001922201239,1.0,0.5953687909107679,1.0,-0.0,0.6370847160612119,0.4835323801304292,1.0,0.2091396040276279,1.0,0.5850269955805179,-0.0,0.24018086584122225,1.0,0.15068962825722848,1.0,0.6269435021388434,0.06296232180292209,1.0,0.06926495351215387
2020-02-09 05:38:10.909090909,0.10675227004519715,-0.0,0.7503400305914075,0.9446017153018765,1.0,1.0,0.5515631920854001,1.0,1.0,1.0,1.0,0.48247318534938827,-0.0,0.41385720795756237,0.04598523045592126,-0.0,0.028775651271268715,0.9769391576568016,1.0,1.0,1.0,-0.0,0.6734133342717209,1.0,1.0,-0.0,-0.0,-0.0,-0.0,0.001583685940145992,0.39914058714369427,-0.0,0.28972927774568435,1.0,1.0,1.0,0.7947305120495892,0.4722018948475069,0.8042810101234216,0.3335528670084296,1.0,0.9167696659747971,1.0,0.33357979468015336,0.4774653514068049,0.5311144336307095,0.08303877134117811,0.19949855951552425,-0.0,0.26958069645331584,1.0,1.0,-0.0,-0.0,1.0,0.3397696216153927,0.7021980671353086,0.978572261310621,0.10702593358598728,1.0,-0.0,-0.0,1.0,1.0,-0.0,-0.0,-0.0,1.0,-0.0,0.06478385858431668,1.0,0.038432542450676906,0.9684135206407516,0.6281383237075344,0.30975426574505327,1.0,-0.0,1.0,-0.0,1.0,0.23113934686640766,1.0,0.6423520093122919,1.0,-0.0,0.6822730178488142,0.6054152544463454,1.0,0.2326700972548412,1.0,0.6092357655409827,-0.0,0.27688370987958966,1.0,0.17543424701954002,1.0,0.6706508490826517,0.07605142403668197,1.0,0.07383962197370982
2020-02-09 06:07:16.363636363,0.07883038226561978,-0.0,0.6977109947886884,0.9036502316582024,1.0,1.0,0.5248315149564209,1.0,1.0,1.0,1.0,0.3901280100547196,-0.0,0.3265714089340727,0.01058047149377089,-0.0,0.01640847695530964,0.922006372118582,1.0,1.0,1.0,-0.0,0.5564205373486896,1.0,1.0,-0.0,-0.0,-0.0,-0.0,-0.0,0.3602073846344623,-0.0,0.26306314775314255,1.0,1.0,1.0,0.7739377884735339,0.4091804780201428,0.7789802875950492,0.29783781729597836,1.0,0.8881553703587238,1.0,0.27587920215837214,0.33973800835296697,0.518005535411307,0.054663800079234194,0.17813206718493033,-0.0,0.17928666444030564,1.0,1.0,-0.0,-0.0,1.0,0.2587426540946134,0.6770694318525776,0.9448802510224975,0.08227350864212646,1.0,-0.0,-0.0,1.0,1.0,-0.0,-0.0,-0.0,1.0,-0.0,0.010265169332336115,1.0,0.03218841509083313,0.8936472553799402,0.5781194300997193,0.2583313540703716,1.0,-0.0,1.0,-0.0,1.0,0.18399262717563244,1.0,0.6118185951686665,1.0,-0.0,0.6470576901506283,0.48910671957451873,1.0,0.18365908525281993,1.0,0.5511825985245197,-0.0,0.17530858790241707,1.0,0.09004790247616386,1.0,0.6495597158559415,0.05375534175800063,1.0,0.05604148827146229
2020-02-09 06:36:21.818181818,0.07171033385511104,-0.0,0.6653417579697489,0.8939448853831663,1.0,1.0,0.5300147933315632,1.0,1.0,1.0,1.0,0.3573042111728459,-0.0,0.31359207673223566,0.011465541616154814,-0.0,0.02153488060724616,0.9232769105765862,1.0,1.0,1.0,-0.0,0.508923578342967,1.0,1.0,-0.0,-0.0,-0.0,-0.0,-0.0,0.3649185572886775,-0.0,0.2644149277538238,1.0,1.0,1.0,0.7587172441957256,0.3771833929435477,0.7689244643190446,0.2999748764955415,1.0,0.8455437829457324,1.0,0.2767629518441913,0.2866422849544484,0.5213352912035669,0.057074803252026594,0.18260448379708277,-0.0,0.16348282403438796,1.0,1.0,-0.0,-0.0,1.0,0.2464425672610667,0.6714669923777117,0.9447247102147702,0.08484496128982418,1.0,-0.0,-0.0,1.0,1.0,-0.0,-0.0,-0.0,1.0,-0.0,0.00560649802462392,1.0,0.03534379297316181,0.8803452528650897,0.5386612713509822,0.24105787763780653,1.0,-0.0,1.0,-0.0,1.0,0.18533313822243944,1.0,0.5788852238452538,1.0,-0.0,0.6152235186131045,0.4175769432091217,1.0,0.17595822679629985,1.0,0.5187744596506362,-0.0,0.1661731105197731,1.0,0.07679464702462521,1.0,0.638039397591216,0.05938091676084174,1.0,0.05589542251071748
2020-02-09 07:05:27.272727272,0.09229519107232945,-0.0,0.6956362601025217,0.9379495328329697,1.0,1.0,0.569598170484379,1.0,1.0,1.0,1.0,0.43164004202049905,-0.0,0.3930144948366286,0.041267889564543137,-0.0,0.03717986295228691,0.9684204003270078,1.0,1.0,1.0,-0.0,0.5856161193512228,1.0,1.0,-0.0,-0.0,-0.0,-0.0,-0.0,0.3945561812984448,-0.0,0.2943526085859626,1.0,1.0,1.0,0.7925040224996043,0.4221979163795557,0.8058563119519717,0.32333329791278037,1.0,0.874146681151672,1.0,0.3122368557413281,0.35494496386726987,0.5373679263529636,0.07898931484394375,0.20253503281668592,-0.0,0.2168751283915073,1.0,1.0,-0.0,-0.0,1.0,0.3189867352680856,0.7056951216691901,0.9943630273716282,0.10301508751974439,1.0,-0.0,-0.0,1.0,1.0,-0.0,-0.0,-0.0,1.0,-0.0,0.03386744045067535,1.0,0.04287572089481508,0.9217618436028336,0.5756954737485132,0.2760074875400429,1.0,-0.0,1.0,-0.0,1.0,0.24814705155187444,1.0,0.6075615720843827,1.0,-0.0,0.6452263177397733,0.47055675129279767,1.0,0.2117829949777914,1.0,0.5574883123072923,-0.0,0.22956372003073103,1.0,0.11747194818652022,1.0,0.670340055736881,0.08468801868780018,1.0,0.06831141450145507
2020-02-09 07:34:32.727272727,0.12316398718173606,-0.0,0.7460593325394421,0.9917176017386906,1.0,1.0,0.6208302849862208,1.0,1.0,1.0,1.0,0.5481743908732077,-0.0,0.5143325004472359,0.08175399228041956,-0.0,0.06145663570505075,1.0,1.0,1.0,1.0,0.006995633061098673,0.699761216016399,1.0,1.0,-0.0,-0.0,-0.0,-0.0,0.007666615686718794,0.4395086253362859,-0.0,0.33788337291401693,1.0,1.0,1.0,0.8432949166438545,0.5031019555139951,0.8574957711366352,0.35818591280168943,1.0,0.9359505910058268,1.0,0.37319118128402745,0.46698498612912315,0.5707751176430638,0.10966205539145042,0.23103497312896426,-0.0,0.30567076185510433,1.0,1.0,-0.0,-0.0,1.0,0.42974176490068783,0.7541412100327035,1.0,0.1279099240501549,1.0,0.0012106371820774786,-0.0,1.0,1.0,0.007406276750112334,-0.0,-0.0,1.0,-0.0,0.08193624205528843,1.0,0.05307086282473904,0.9796778152964943,0.6235228398248694,0.3334604743327108,1.0,-0.0,1.0,-0.0,1.0,0.3394444483774025,1.0,0.6557325418104851,1.0,0.013293013156097622,0.7029139149558453,0.6191287530922589,1.0,0.26660908251832477,1.0,0.60787419748583,-0.0,0.3297460347300393,1.0,0.18073505577027665,1.0,0.7168183067849591,0.11890758846248504,1.0,0.08786511730335166
2020-02-09 08:03:38.181818181,0.16697628039061518,-0.0,0.8059593062560194,1.0,1.0,1.0,0.668696639359348,1.0,1.0,1.0,1.0,0.6105301429662916,-0.0,0.5744699587062387,0.13144803654087783,-0.0,0.08391366282090702,1.0,1.0,1.0,1.0,0.01888725879521488,0.7633704895257233,1.0,1.0,-0.0,-0.0,-0.0,-0.0,0.016395180513122876,0.47792236720036757,-0.0,0.3925667160187778,1.0,1.0,1.0,0.9095844366599299,0.6170627694871267,0.9225532505538795,0.38506371877265094,1.0,1.0,1.0,0.43449538657552816,0.5362576691896825,0.6004015349212323,0.14261026395160173,0.25317593694940693,-0.0,0.4209799331965713,1.0,1.0,-0.0,-0.0,1.0,0.5128034151834557,0.8122597393643883,1.0,0.1502344851962116,1.0,0.03565694403200027,-0.0,1.0,1.0,0.02017113545919834,-0.0,0.03314977925051,1.0,-0.0,0.14390043173257377,1.0,0.06107702371945235,1.0,0.6799039188654435,0.4165784174205606,1.0,-0.0,1.0,-0.0,1.0,0.4013568810838113,1.0,0.7090787045883944,1.0,0.02218887933185228,0.7693519273308701,0.6527652270649605,1.0,0.33587780093781827,1.0,0.6613996454778551,-0.0,0.43235414879059086,1.0,0.2645612343914132,1.0,0.7763690782010418,0.16025036053961253,1.0,0.1080082444650594
2020-02-09 08:32:43.636363636,0.1559530311106557,-0.0,0.7904214695495254,1.0,1.0,1.0,0.6680079987363915,1.0,1.0,1.0,1.0,0.5965371586808468,-0.0,0.5631285428186881,0.11674947436865897,-0.0,0.08212624961758198,1.0,1.0,1.0,1.0,0.014209318700960552,0.7510847007008501,1.0,1.0,-0.0,-0.0,-0.0,-0.0,0.009973289117501656,0.46189012403741275,-0.0,0.38783712921673513,1.0,1.0,1.0,0.9158442862380743,0.6237295859975968,0.9242068029564663,0.3710554848401743,1.0,1.0,1.0,0.4053696428634045,0.5145384138557143,0.5979787885771001,0.1298935093760515,0.2463045715257601,-0.0,0.38873453746645986,1.0,1.0,-0.0,-0.0,1.0,0.5004069488963022,0.8133433972921419,1.0,0.14025625476630826,1.0,0.02424412115371611,-0.0,1.0,1.0,0.018422968943113942,-0.0,0.022236512829187306,1.0,-0.0,0.11975487162475028,1.0,0.05883194167961041,1.0,0.6629010986583068,0.40395712892905816,1.0,-0.0,1.0,-0.0,1.0,0.3992315809227497,1.0,0.7107627421934076,1.0,0.016858187897226002,0.765955236003962,0.6411415635418833,1.0,0.3171078679077842,1.0,0.6430586207495738,-0.0,0.412988756782402,1.0,0.22193497029978967,1.0,0.7793170153102791,0.15515063409576127,1.0,0.10072771747258187
2020-02-09 09:01:49.090909090,0.15004649708397313,-0.0,0.7771927918267837,1.0,1.0,1.0,0.6703066678201878,1.0,1.0,1.0,1.0,0.5906084521077245,-0.0,0.5606184482477027,0.10994107503115241,-0.0,0.08231374385278503,1.0,1.0,1.0,1.0,0.01176787834654368,0.7391439905204198,1.0,1.0,-0.0,-0.0,-0.0,-0.0,0.005681020764452016,0.45517394322061233,-0.0,0.3878725365309449,1.0,1.0,1.0,0.9157568124096345,0.6035477084868243,0.9255063096948092,0.36322390812270666,1.0,0.9946645445775711,1.0,0.3902367200074722,0.5009180022752444,0.5975290868835397,0.1241843892732406,0.2424741899916873,-0.0,0.3646676230529326,1.0,1.0,-0.0,-0.0,1.0,0.49520711360336345,0.8147074065012103,1.0,0.13517159161231773,1.0,0.01978769843162012,-0.0,1.0,1.0,0.017351641140248824,-0.0,0.017773794423002233,1.0,-0.0,0.10912788879957507,1.0,0.0568044647608554,1.0,0.6495974606050984,0.3912850749719687,1.0,-0.0,1.0,-0.0,1.0,0.4027219694421893,1.0,0.7041819763235375,1.0,0.012846000964493698,0.7565479853658109,0.6191236204269969,1.0,0.3089308828600915,1.0,0.6304989457341053,-0.0,0.3944860304604503,1.0,0.20301861114529093,1.0,0.7817392676321421,0.15541076814602245,1.0,0.09648585715189252
2020-02-09 09:30:54.545454545,0.1234652879769337,-0.0,0.7356558155679225,1.0,1.0,1.0,0.6554094142240844,1.0,1.0,1.0,1.0,0.5595739479911838,-0.0,0.5313717423273681,0.07713954284761906,-0.0,0.07048408912877294,1.0,1.0,1.0,1.0,0.0036979758225111187,0.6986052071071677,1.0,1.0,-0.0,-0.0,-0.0,-0.0,-0.0,0.42687700190820527,-0.0,0.36231183893007446,1.0,1.0,1.0,0.8987049229741968,0.5421174130359764,0.9055649235477227,0.3375745965765296,1.0,0.9650673192355228,1.0,0.34319790558843805,0.4280422722423019,0.5834437725112553,0.0998816287284526,0.22569084953774238,-0.0,0.2875081525154509,1.0,1.0,-0.0,-0.0,1.0,0.45084347517975426,0.7938239336919247,1.0,0.11676531200787707,1.0,-0.0,-0.0,1.0,1.0,0.010150995183515706,-0.0,-0.0,1.0,-0.0,0.06515882335625464,1.0,0.051291656842451815,0.9530276275543428,0.6115174820567201,0.34244424986861827,1.0,-0.0,1.0,-0.0,1.0,0.3864627481311872,1.0,0.6810582165627891,1.0,0.0028487226339587186,0.7213261972878844,0.5993829658594199,1.0,0.2631206738173378,1.0,0.5924934145001568,-0.0,0.30794650634323845,1.0,0.1372576434695037,1.0,0.7644635853238729,0.13460474963262706,1.0,0.08057090229604404
2020-02-09 10:00:00.000000000,0.12504966289527364,-0.0,0.7216656680177785,1.0,1.0,1.0,0.661863427584099,1.0,1.0,1.0,1.0,0.5597264682732659,-0.0,0.5381702370053182,0.08190434720989224,-0.0,0.07319058510036806,1.0,1.0,1.0,1.0,0.004584539192249862,0.6957001373222873,1.0,1.0,-0.0,-0.0,-0.0,-0.0,-0.0,0.430239485066045,-0.0,0.36667704381325833,1.0,1.0,1.0,0.8966552784165949,0.5198557754022282,0.9087652239786518,0.3371187552141349,1.0,0.9520379359038408,1.0,0.3485910499290086,0.3998924226440006,0.589438711751043,0.10335602532948202,0.22945934125210024,-0.0,0.28688577295957884,1.0,1.0,-0.0,-0.0,1.0,0.45637213690148615,0.7985037050915496,1.0,0.1175881965879809,1.0,-0.0,-0.0,1.0,1.0,0.011666389854424378,-0.0,-0.0,1.0,-0.0,0.06054126287359332,1.0,0.053052372703352495,0.9456675179959259,0.599697783838938,0.3336147012943355,1.0,-0.0,1.0,-0.0,1.0,0.3915693198340131,1.0,0.6701000169329135,1.0,0.004704417539214787,0.7127250604146033,0.5847967311111165,1.0,0.25884222066582724,1.0,0.5820217790359425,-0.0,0.304687505099995,1.0,0.12944702703609867,1.0,0.7651543955886225,0.13989615354327944,1.0,0.0799706760778564
2020-02-09 10:29:05.454545454,0.11795772715476843,-0.0,0.715045871170914,1.0,1.0,1.0,0.6596225436652885,1.0,1.0,1.0,1.0,0.552687168509043,-0.0,0.5321911379671393,0.07065111928384889,-0.0,0.06840251744615317,1.0,1.0,1.0,1.0,0.0022583916309149676,0.6856199905438958,1.0,1.0,-0.0,-0.0,-0.0,-0.0,-0.0,0.42050418349462093,-0.0,0.36018808676248554,1.0,1.0,1.0,0.9046630179367108,0.5176635801340265,0.9135734973475613,0.3270812349023758,1.0,0.9532575702070702,1.0,0.32691647444852984,0.3774146197264482,0.5863744218825528,0.0963829981382172,0.22144638080394918,-0.0,0.2621536904594163,1.0,1.0,-0.0,-0.0,1.0,0.43670678052738554,0.8024993459007342,1.0,0.11154986148577642,1.0,-0.0,-0.0,1.0,1.0,0.008473032511291912,-0.0,-0.0,1.0,-0.0,0.05010642256340919,1.0,0.05054798242631896,0.9314523991812582,0.5931147839805306,0.32551862095271783,1.0,-0.0,1.0,-0.0,1.0,0.3899577480221082,1.0,0.6669151053622402,1.0,-0.0,0.7093331212118664,0.5809847439010414,1.0,0.24674332208115393,1.0,0.5710842480153995,-0.0,0.28028074031898126,1.0,0.1135283328599992,1.0,0.7702473308669368,0.13318044965701656,1.0,0.07454298661084181
2020-02-09 10:58:10.909090909,0.0915442724372027,-0.0,0.6657951086399472,0.9845044251046164,1.0,1.0,0.6322427526431804,1.0,1.0,1.0,1.0,0.48632471289718765,-0.0,0.4777441742269609,0.03658957323284192,-0.0,0.049167680678674136,0.9671670088112868,1.0,1.0,1.0,-0.0,0.577985258485929,1.0,1.0,-0.0,-0.0,-0.0,-0.0,-0.0,0.38431646235486744,-0.0,0.32307252811521386,1.0,1.0,1.0,0.8783338107458991,0.445051147636838,0.8859534597884494,0.2979111386931077,1.0,0.9194997123999692,1.0,0.2736384561141314,0.2659423013102778,0.5652007638513293,0.07185250882957142,0.19732062480313467,-0.0,0.17791555311803395,1.0,1.0,-0.0,-0.0,1.0,0.3425061969063308,0.7781868501017735,1.0,0.09037791961225326,1.0,-0.0,-0.0,1.0,1.0,-0.0,-0.0,-0.0,1.0,-0.0,0.008690575203549584,1.0,0.04305303707641732,0.8726682425896537,0.534022992828316,0.27031848719790574,1.0,-0.0,1.0,-0.0,1.0,0.3651940495704683,1.0,0.6421817933283389,1.0,-0.0,0.6704927931218921,0.518920227753598,1.0,0.1984432844248305,1.0,0.5086291006571854,-0.0,0.18794288887655086,1.0,0.05681682485118176,1.0,0.7460517286284991,0.1033336400872328,1.0,0.05831842120828679
2020-02-09 11:27:16.363636363,0.05630503523350114,-0.0,0.5889890774220071,0.9273025992327252,1.0,1.0,0.5822839840293054,1.0,1.0,1.0,1.0,0.34866804690442016,-0.0,0.3525779363674993,-0.0,-0.0,0.02439797118761659,0.894915257039613,1.0,1.0,1.0,-0.0,0.4218634224205206,1.0,1.0,-0.0,-0.0,-0.0,-0.0,-0.0,0.34024281492968034,-0.0,0.2760032059510606,1.0,1.0,1.0,0.835395745226582,0.3467620059924496,0.841548943534193,0.26356441145497705,1.0,0.8428744818684757,1.0,0.21031951935257046,0.1433012361873834,0.5342672306868262,0.03971513409473728,0.16759496793330864,-0.0,0.08234258240644803,1.0,1.0,-0.0,-0.0,1.0,0.22424123505964616,0.7360138028808191,1.0,0.06479507356861294,1.0,-0.0,-0.0,1.0,1.0,-0.0,-0.0,-0.0,1.0,-0.0,-0.0,1.0,0.03220955333267762,0.7869817574392319,0.45199477909672164,0.2024937438063359,1.0,-0.0,1.0,-0.0,1.0,0.2812713010130747,1.0,0.5742395909045475,1.0,-0.0,0.598410174127392,0.356523732644164,1.0,0.13906596194910745,1.0,0.3891497246847866,-0.0,0.08578551562218056,1.0,-0.0,1.0,0.7068259535743384,0.06768643675537034,1.0,0.03589328529379974
2020-02-09 11:56:21.818181818,0.026413049620191746,-0.0,0.46940051155267964,0.8511278883437867,1.0,1.0,0.5232496621248518,1.0,1.0,1.0,1.0,0.20622348930487747,-0.0,0.22919563846099048,-0.0,-0.0,-0.0,0.8126528239440278,1.0,1.0,1.0,-0.0,0.2804053753477589,1.0,1.0,-0.0,-0.0,-0.0,-0.0,-0.0,0.29538628785470133,-0.0,0.22596418731937046,1.0,1.0,1.0,0.7750358401718143,0.24859808816234447,0.7811972832590451,0.24276586957785495,1.0,0.7451422173368788,1.0,0.1543902217147861,0.04497646694739386,0.5113372765848511,0.012980213793548863,0.13849178590658032,-0.0,0.004293173292333278,1.0,1.0,-0.0,-0.0,1.0,0.11471967917760219,0.6786108804344307,0.9399624208192541,0.04347058034650562,1.0,-0.0,-0.0,1.0,1.0,-0.0,-0.0,-0.0,1.0,-0.0,-0.0,1.0,0.020362295630516777,0.6798860132734806,0.2143453887944577,0.13837318355815106,1.0,-0.0,1.0,-0.0,1.0,0.18306792405890357,1.0,0.47816959121409947,1.0,-0.0,0.39483069415681477,0.2216681753360387,1.0,0.08363026413795618,1.0,0.16163181200692603,-0.0,0.0012421312029709628,1.0,-0.0,1.0,0.650335436168647,0.031740079525703575,1.0,0.01593980268003046
2020-02-09 12:25:27.272727272,0.0018720748345725105,-0.0,0.20765319205671134,0.7901949642906155,1.0,1.0,0.4143673622709362,1.0,1.0,1.0,1.0,0.11509345161226729,-0.0,0.13937217775401053,-0.0,-0.0,-0.0,0.7145786471236433,1.0,1.0,1.0,-0.0,0.18775544122692508,1.0,1.0,-0.0,-0.0,-0.0,-0.0,-0.0,0.2575425608162035,-0.0,0.18728840000061975,1.0,1.0,1.0,0.7140385308951299,0.1799839068753296,0.717058695672065,0.1383448348898561,1.0,0.5290033819723143,1.0,0.11517356561947742,-0.0,0.49025458819894957,-0.0,0.11655443181201437,-0.0,-0.0,1.0,1.0,-0.0,-0.0,1.0,0.04174298511521265,0.6145686099429892,0.8406863997375195,0.03606388395158716,0.9498081311487456,-0.0,-0.0,0.9325128759704616,0.9628104572668916,-0.0,-0.0,-0.0,1.0,-0.0,-0.0,1.0,-0.0,0.5527539350041702,0.05195895219540078,0.09391029371318635,1.0,-0.0,1.0,-0.0,1.0,0.10490022870313852,1.0,0.2634534167898965,1.0,-0.0,0.23419426044090821,0.12192703228485702,1.0,0.04313866613800141,1.0,0.027478984934493047,-0.0,-0.0,1.0,-0.0,1.0,0.5934474968709851,0.002782033126760221,1.0,-0.0
2020-02-09 12:54:32.727272727,-0.0,-0.0,0.0500514167519141,0.7050445756934677,1.0,1.0,0.2937274264012866,1.0,1.0,1.0,1.0,0.040325517989578626,-0.0,0.0753375912492543,-0.0,-0.0,-0.0,0.5968884459163397,1.0,1.0,1.0,-0.0,0.11657708719311603,1.0,1.0,-0.0,-0.0,-0.0,-0.0,-0.0,0.24303456765116271,-0.0,0.15358690723196097,1.0,1.0,0.9405960275112402,0.643004274897258,0.12855950329405846,0.6475677642985619,0.10192737785998797,0.9000914566138265,0.3499123790631544,1.0,0.08320253685646298,-0.0,0.4707544047923342,-0.0,0.10203441371908278,-0.0,-0.0,1.0,0.8558877925439997,-0.0,-0.0,0.7176748607071383,-0.0,0.5553668894523741,0.6947014135649117,-0.0,0.8150802590939713,-0.0,-0.0,0.8103740070682751,0.8871295405955353,-0.0,-0.0,-0.0,1.0,-0.0,-0.0,1.0,-0.0,0.32520104693796054,-0.0,0.059256076822301315,1.0,-0.0,1.0,-0.0,1.0,0.045126608561085586,1.0,0.11847912369230346,1.0,-0.0,0.13037598738588815,0.03731386181292834,1.0,0.014551963531840982,1.0,-0.0,-0.0,-0.0,1.0,-0.0,1.0,0.5290103133196238,-0.0,1.0,-0.0
2020-02-09 13:23:38.181818181,-0.0,-0.0,-0.0,0.620673093141166,1.0,1.0,0.20177638272291554,1.0,1.0,1.0,0.9660810038651984,-0.0,-0.0,0.027368538999909608,-0.0,-0.0,-0.0,0.4063765168437565,1.0,1.0,1.0,-0.0,0.06942847749247619,1.0,1.0,-0.0,-0.0,-0.0,-0.0,-0.0,0.23663187121583235,-0.0,0.1265154088984237,1.0,1.0,0.8681792809147345,0.5877302815236545,0.09006740679073161,0.575854037504276,0.06934286689458394,0.7803983445417224,0.23785329835349328,1.0,0.061395546677014544,-0.0,0.42354259873723366,-0.0,0.08871163784556768,-0.0,-0.0,1.0,0.6078225837358168,-0.0,-0.0,0.5177058995228683,-0.0,0.4661627441331746,0.5759462392533338,-0.0,0.6616432052793167,-0.0,-0.0,0.6801320441612329,0.8140240982153653,-0.0,-0.0,-0.0,0.9319296037371486,-0.0,-0.0,1.0,-0.0,0.1750180565927347,-0.0,0.030995875131689044,1.0,-0.0,1.0,-0.0,1.0,-0.0,1.0,0.026928264758837583,1.0,-0.0,0.06305550986317632,-0.0,1.0,-0.0,1.0,-0.0,-0.0,-0.0,1.0,-0.0,1.0,0.4688947841579238,-0.0,1.0,-0.0
2020-02-09 13:52:43.636363636,-0.0,-0.0,-0.0,0.4672971796154894,1.0,1.0,0.13038130961694525,1.0,1.0,1.0,0.8567499585793458,-0.0,-0.0,-0.0,-0.0,-0.0,-0.0,0.26909604077391797,1.0,1.0,1.0,-0.0,0.03749991574142915,1.0,1.0,-0.0,-0.0,-0.0,-0.0,-0.0,0.23091836693780093,-0.0,0.10291091279629873,1.0,0.938176553781147,0.7519280080264105,0.4607054092564662,0.059968225905695345,0.4342213213140867,0.04047106822428935,0.6857544115664097,0.16223962806670067,1.0,0.026357193145690804,-0.0,0.3393307335611354,-0.0,0.029805182600224748,-0.0,-0.0,1.0,0.34967639167922193,-0.0,-0.0,0.3969085172102968,-0.0,0.3321080062335052,0.4823398747239845,-0.0,0.3541775094364189,-0.0,-0.0,0.3935164137722331,0.7526518692618925,-0.0,-0.0,-0.0,0.8200176650547902,-0.0,-0.0,1.0,-0.0,0.08227698347442508,-0.0,0.013647775819561565,1.0,-0.0,1.0,-0.0,1.0,-0.0,1.0,-0.0,1.0,-0.0,0.014211391185458718,-0.0,1.0,-0.0,1.0,-0.0,-0.0,-0.0,1.0,-0.0,1.0,0.3364670732567009,-0.0,1.0,-0.0
2020-02-09 14:21:49.090909090,-0.0,-0.0,-0.0,0.2961761351845945,1.0,1.0,0.07744152708072174,1.0,1.0,0.9805533043912552,0.7436299426908414,-0.0,-0.0,-0.0,-0.0,-0.0,-0.0,0.17661392289840105,1.0,1.0,1.0,-0.0,0.012760958605646359,1.0,1.0,-0.0,-0.0,-0.0,-0.0,-0.0,0.10073358031237369,-0.0,0.08791050245567789,1.0,0.7283900297207563,0.5938355164571033,0.32571295207301687,0.03963506503269866,0.3172052357276202,0.015201084563614686,0.6100753417026773,0.10795584038958718,1.0,-0.0,-0.0,0.30747973954890007,-0.0,0.011658979560017034,-0.0,-0.0,1.0,0.19520479493455867,-0.0,-0.0,0.31415923325683714,-0.0,0.2262702989602168,0.4091901537228617,-0.0,0.16688918095531527,-0.0,-0.0,0.16886345354525584,0.6570329682635375,-0.0,-0.0,-0.0,0.7115025060815388,-0.0,-0.0,1.0,-0.0,0.01912358350535989,-0.0,-0.0,1.0,-0.0,1.0,-0.0,1.0,-0.0,1.0,-0.0,1.0,-0.0,-0.0,-0.0,1.0,-0.0,1.0,-0.0,-0.0,-0.0,1.0,-0.0,1.0,0.2153087812852845,-0.0,1.0,-0.0
2020-02-09 14:50:54.545454545,-0.0,-0.0,-0.0,0.19169266723490178,1.0,1.0,0.03574418244016164,0.9186273749967259,1.0,0.8664249038340404,0.5371055824564084,-0.0,-0.0,-0.0,-0.0,-0.0,-0.0,0.1138694936790598,1.0,1.0,1.0,-0.0,-0.0,1.0,1.0,-0.0,-0.0,-0.0,-0.0,-0.0,0.07657243738831479,-0.0,0.0740581359537186,1.0,0.5133642644608901,0.4810293091698857,0.22885445965767018,0.023192460449431705,0.2300107087362834,-0.0,0.5498140559280641,0.07241197143080336,0.9924103419972001,-0.0,-0.0,0.2792257285602124,-0.0,-0.0,-0.0,-0.0,1.0,0.10031768397795911,-0.0,-0.0,0.25729925088314354,-0.0,0.14821459446684002,0.3521626104779847,-0.0,0.05676226869660501,-0.0,-0.0,0.04568715763921316,0.5161074984199633,-0.0,-0.0,-0.0,0.47511855318592816,-0.0,-0.0,1.0,-0.0,-0.0,-0.0,-0.0,1.0,-0.0,1.0,-0.0,1.0,-0.0,1.0,-0.0,1.0,-0.0,-0.0,-0.0,0.9505864961611149,-0.0,1.0,-0.0,-0.0,-0.0,0.9382521938481911,-0.0,1.0,0.1303257891131074,-0.0,1.0,-0.0
2020-02-09 15:20:00.000000000,-0.0,-0.0,-0.0,0.12543274971200763,1.0,1.0,0.012108955338990583,0.7920473820312407,1.0,0.589190743779528,0.3292254709503157,-0.0,-0.0,-0.0,-0.0,-0.0,-0.0,0.08305464090456036,1.0,1.0,1.0,-0.0,-0.0,1.0,1.0,-0.0,-0.0,-0.0,-0.0,-0.0,0.06364475569501318,-0.0,0.06435155756590946,1.0,0.3884514522707628,0.400687442128914,0.16407785337601577,0.01117067033505229,0.17400919136491944,-0.0,0.5103489043461792,0.047652558212164554,0.9209303155096813,-0.0,-0.0,0.26069962312164824,-0.0,-0.0,-0.0,-0.0,1.0,0.05406695419246684,-0.0,-0.0,0.2275900675336926,-0.0,0.09683818661700022,0.3137803905534185,-0.0,0.002779807717672918,-0.0,-0.0,-0.0,0.3443020289292714,-0.0,-0.0,-0.0,0.29638283366860435,-0.0,-0.0,1.0,-0.0,-0.0,-0.0,-0.0,1.0,-0.0,1.0,-0.0,1.0,-0.0,1.0,-0.0,1.0,-0.0,-0.0,-0.0,0.8434296999732414,-0.0,1.0,-0.0,-0.0,-0.0,0.8031174971956127,-0.0,1.0,0.0782231201534267,-0.0,0.8475127452689466,-0.0
2020-02-09 15:49:05.454545454,-0.0,-0.0,-0.0,0.09134910188417497,1.0,1.0,-0.0,0.5764846982608565,0.9176629774058987,0.46494157806508696,0.24672016081829926,-0.0,-0.0,-0.0,-0.0,-0.0,-0.0,0.05639895972413476,1.0,1.0,1.0,-0.0,-0.0,1.0,1.0,-0.0,-0.0,-0.0,-0.0,-0.0,0.050486849621689256,-0.0,0.023350463480036658,1.0,0.3209079737640986,0.3546451941032605,0.12871838594642232,-0.0,0.14182763927319905,-0.0,0.48264255860970784,0.03470261193163433,0.8741950883418452,-0.0,-0.0,0.24641034663052816,-0.0,-0.0,-0.0,-0.0,1.0,0.02893619768387407,-0.0,-0.0,0.21252915932368446,-0.0,0.06638042227685084,0.28590260727648664,-0.0,-0.0,-0.0,-0.0,-0.0,0.2575200353272691,-0.0,-0.0,-0.0,0.2167512469449278,-0.0,-0.0,1.0,-0.0,-0.0,-0.0,-0.0,1.0,-0.0,1.0,-0.0,1.0,-0.0,0.8182718558727632,-0.0,0.8695704509404572,-0.0,-0.0,-0.0,0.7723193016217575,-0.0,1.0,-0.0,-0.0,-0.0,0.6522557110595629,-0.0,1.0,0.046798168494014934,-0.0,0.703001118040226,-0.0
2020-02-09 16:18:10.909090909,-0.0,-0.0,-0.0,0.04093547218312324,0.9049873177108622,0.9316469731177729,-0.0,0.38026827375097677,0.7082840196636891,0.30633086099862494,0.13719856538319078,-0.0,-0.0,-0.0,-0.0,-0.0,-0.0,0.03221781548462833,1.0,1.0,1.0,-0.0,-0.0,1.0,1.0,-0.0,-0.0,-0.0,-0.0,-0.0,0.03418410667105798,-0.0,0.008657583858866764,0.9825716626130321,0.24080705865656135,0.299879684336844,0.09129949751263026,-0.0,0.10277741608314939,-0.0,0.45635861110121656,0.020958478832050813,0.810932633549173,-0.0,-0.0,0.2275003172285644,-0.0,-0.0,-0.0,-0.0,1.0,-0.0,-0.0,-0.0,0.13802646201942972,-0.0,0.02933859778165806,0.25152140368889214,-0.0,-0.0,-0.0,-0.0,-0.0,0.16763983356100917,-0.0,-0.0,-0.0,0.11447329746457588,-0.0,-0.0,1.0,-0.0,-0.0,-0.0,-0.0,1.0,-0.0,1.0,-0.0,1.0,-0.0,0.6080636221118937,-0.0,0.6638302394076736,-0.0,-0.0,-0.0,0.6948826790849335,-0.0,1.0,-0.0,-0.0,-0.0,0.48362850301877136,-0.0,1.0,0.004855551118981316,-0.0,0.5566719292633778,-0.0
2020-02-09 16:47:16.363636363,-0.0,-0.0,-0.0,0.010578746399104492,0.7454485899221528,0.8493664665074248,-0.0,0.22688431491031746,0.5514710828555102,0.20404652271456958,0.0692633522479734,-0.0,-0.0,-0.0,-0.0,-0.0,-0.0,0.011232216537098782,1.0,1.0,1.0,-0.0,-0.0,1.0,1.0,-0.0,-0.0,-0.0,-0.0,-0.0,0.02041934144480575,-0.0,-0.0,0.8994662116852962,0.18580048712766414,0.2523706253067627,0.055019810906103944,-0.0,0.06940608456001722,-0.0,0.43383162126920766,0.007986668028733726,0.7593988926201866,-0.0,-0.0,0.21157665641752937,-0.0,-0.0,-0.0,-0.0,1.0,-0.0,-0.0,-0.0,0.10649392060043986,-0.0,0.006700060689398122,0.2256258150833299,-0.0,-0.0,-0.0,-0.0,-0.0,0.09389533323625938,-0.0,-0.0,-0.0,0.04871951021976772,-0.0,-0.0,1.0,-0.0,-0.0,-0.0,-0.0,1.0,-0.0,1.0,-0.0,1.0,-0.0,0.42880140011612766,-0.0,0.5215112371217578,-0.0,-0.0,-0.0,0.6324069297373399,-0.0,0.925098539029324,-0.0,-0.0,-0.0,0.35796123731273377,-0.0,1.0,-0.0,-0.0,0.44081111727210387,-0.0
2020-02-09 17:16:21.818181818,-0.0,-0.0,-0.0,-0.0,0.6244615297111717,0.6843077304603826,-0.0,0.13103183276513933,0.44839048087814104,0.13253897909964202,0.022731625627676152,-0.0,-0.0,-0.0,-0.0,-0.0,-0.0,-0.0,1.0,1.0,1.0,-0.0,-0.0,0.9640783217545366,1.0,-0.0,-0.0,-0.0,-0.0,-0.0,0.00822798874611214,-0.0,-0.0,0.7067644126407095,0.14229593462915038,0.22576052354191406,0.03183376495697571,-0.0,0.04614630992355758,-0.0,0.4139059065129859,-0.0,0.7161091092269742,-0.0,-0.0,0.1980132403242601,-0.0,-0.0,-0.0,-0.0,1.0,-0.0,-0.0,-0.0,0.0811173460387437,-0.0,-0.0,0.2019641643805644,-0.0,-0.0,-0.0,-0.0,-0.0,0.04689522721592255,-0.0,-0.0,-0.0,0.005042956097872479,-0.0,-0.0,1.0,-0.0,-0.0,-0.0,-0.0,1.0,-0.0,1.0,-0.0,1.0,-0.0,0.31617788389114926,-0.0,0.4264142830798907,-0.0,-0.0,-0.0,0.5823317223509147,-0.0,0.7727084773953722,-0.0,-0.0,-0.0,0.2664065287472998,-0.0,1.0,-0.0,-0.0,0.3535603695892137,-0.0
2020-02-09 17:45:27.272727272,-0.0,-0.0,-0.0,-0.0,0.5436295315989738,0.5170314067257599,-0.0,0.06975103194140889,0.3802153832014908,0.09533640654921101,-0.0,-0.0,-0.0,-0.0,-0.0,-0.0,-0.0,-0.0,1.0,1.0,1.0,-0.0,-0.0,0.7299451283595929,1.0,-0.0,-0.0,-0.0,-0.0,-0.0,-0.0,-0.0,-0.0,0.5507522056768751,0.11904317676999376,0.2175688826639892,0.01284368870844292,-0.0,0.02745581021466071,-0.0,0.31301200396830303,-0.0,0.6825961281893442,-0.0,-0.0,0.18948679464925383,-0.0,-0.0,-0.0,-0.0,1.0,-0.0,-0.0,-0.0,0.06516572467884886,-0.0,-0.0,0.1854715073037677,-0.0,-0.0,-0.0,-0.0,-0.0,0.010630383253412375,-0.0,-0.0,-0.0,-0.0,-0.0,-0.0,1.0,-0.0,-0.0,-0.0,-0.0,1.0,-0.0,1.0,-0.0,1.0,-0.0,0.24554956268350278,-0.0,0.36365622264134007,-0.0,-0.0,-0.0,0.5474741065720324,-0.0,0.6769085403392291,-0.0,-0.0,-0.0,0.2098845889196645,-0.0,0.925868615879883,-0.0,-0.0,0.2998983431106167,-0.0
2020-02-09 18:14:32.727272727,-0.0,-0.0,-0.0,-0.0,0.5022361088845186,0.42552002640725173,-0.0,0.04891769627034944,0.3531069453200462,0.07269682845059162,-0.0,-0.0,-0.0,-0.0,-0.0,-0.0,-0.0,-0.0,1.0,1.0,1.0,-0.0,-0.0,0.6307156448836757,1.0,-0.0,-0.0,-0.0,-0.0,-0.0,-0.0,-0.0,-0.0,0.4684378549331457,0.10473012633386719,0.18623017797826363,0.0007643739414215466,-0.0,0.013696018388467091,-0.0,0.2900445075629473,-0.0,0.6564821210980115,-0.0,-0.0,0.18359107092122742,-0.0,-0.0,-0.0,-0.0,1.0,-0.0,-0.0,-0.0,0.059583393864639025,-0.0,-0.0,0.1747697136992525,-0.0,-0.0,-0.0,-0.0,-0.0,-0.0,-0.0,-0.0,-0.0,-0.0,-0.0,-0.0,1.0,-0.0,-0.0,-0.0,-0.0,1.0,-0.0,1.0,-0.0,1.0,-0.0,0.21915983358035865,-0.0,0.335668468066328,-0.0,-0.0,-0.0,0.5250530019102074,-0.0,0.6228242251420822,-0.0,-0.0,-0.0,0.17586114522817498,-0.0,0.8158057803777297,-0.0,-0.0,0.26952406754189834,-0.0
2020-02-09 18:43:38.181818181,-0.0,-0.0,-0.0,-0.0,0.4527447328842296,0.33943725065178176,-0.0,0.01818882483417475,0.3155741713876121,0.04885646960683548,-0.0,-0.0,-0.0,-0.0,-0.0,-0.0,-0.0,-0.0,1.0,1.0,1.0,-0.0,-0.0,0.526052385677793,1.0,-0.0,-0.0,-0.0,-0.0,-0.0,-0.0,-0.0,-0.0,0.38086468460718337,0.0909765788817861,0.17236840879062923,-0.0,-0.0,0.005076217808764327,-0.0,0.2704787784461969,-0.0,0.6327888942411949,-0.0,-0.0,0.1789783572356357,-0.0,-0.0,-0.0,-0.0,0.9634200137084712,-0.0,-0.0,-0.0,0.0522519625913732,-0.0,-0.0,0.165477005037404,-0.0,-0.0,-0.0,-0.0,-0.0,-0.0,-0.0,-0.0,-0.0,-0.0,-0.0,-0.0,0.9377949653270674,-0.0,-0.0,-0.0,-0.0,1.0,-0.0,0.9957730066120855,-0.0,1.0,-0.0,0.18163823776757054,-0.0,0.30169017408587023,-0.0,-0.0,-0.0,0.5028537363640831,-0.0,0.5678715203004778,-0.0,-0.0,-0.0,0.1384910886993035,-0.0,0.7009481408438385,-0.0,-0.0,0.23623380628173038,-0.0
2020-02-09 19:12:43.636363636,-0.0,-0.0,-0.0,-0.0,0.4361198426995824,0.29764860178641317,-0.0,0.014359474707328282,0.31075785148915835,0.047598571052086605,-0.0,-0.0,-0.0,-0.0,-0.0,-0.0,-0.0,-0.0,1.0,1.0,1.0,-0.0,-0.0,0.5138568001914934,1.0,-0.0,-0.0,-0.0,-0.0,-0.0,-0.0,-0.0,-0.0,0.3446727161912096,0.09142371467358955,0.16694062011973781,-0.0,-0.0,-0.0,-0.0,0.26544236258421827,-0.0,0.6215825542889054,-0.0,-0.0,0.18043705040090743,-0.0,-0.0,-0.0,-0.0,0.9640150299511119,-0.0,-0.0,-0.0,0.060862762686941796,-0.0,-0.0,0.16031229826782528,-0.0,-0.0,-0.0,-0.0,-0.0,-0.0,-0.0,-0.0,-0.0,-0.0,-0.0,-0.0,0.9044006667683647,-0.0,-0.0,-0.0,-0.0,1.0,-0.0,0.9544053161816732,-0.0,1.0,-0.0,0.17639484516647008,-0.0,0.29736253919584366,-0.0,-0.0,-0.0,0.4961825880649453,-0.0,0.554005954338712,-0.0,-0.0,-0.0,0.1299674936210707,-0.0,0.6838967391966715,-0.0,-0.0,0.22998918723072925,-0.0
2020-02-09 19:41:49.090909090,-0.0,-0.0,-0.0,-0.0,0.40039969950433685,0.25043072983044107,-0.0,-0.0,0.2722544309722065,0.023154740260531635,-0.0,-0.0,-0.0,-0.0,-0.0,-0.0,-0.0,-0.0,1.0,1.0,1.0,-0.0,-0.0,0.4428282470407606,1.0,-0.0,-0.0,-0.0,-0.0,-0.0,-0.0,-0.0,-0.0,0.2920825208427885,0.06795025537270111,0.14831380152142526,-0.0,-0.0,-0.0,-0.0,0.23422293449878526,-0.0,0.588042883531107,-0.0,-0.0,0.17165147149164497,-0.0,-0.0,-0.0,-0.0,0.8909020241770529,-0.0,-0.0,-0.0,0.04365127172484525,-0.0,-0.0,0.14777783458905266,-0.0,-0.0,-0.0,-0.0,-0.0,-0.0,-0.0,-0.0,-0.0,-0.0,-0.0,-0.0,0.838752881923633,-0.0,-0.0,-0.0,-0.0,1.0,-0.0,0.9079831349337775,-0.0,1.0,-0.0,0.14494351597825467,-0.0,0.25761654457734323,-0.0,-0.0,-0.0,0.4708291591696323,-0.0,0.5005396959175554,-0.0,-0.0,-0.0,0.1014991316917606,-0.0,0.6170261527908925,-0.0,-0.0,0.1990519527139926,-0.0
2020-02-09 20:10:54.545454545,-0.0,-0.0,-0.0,-0.0,0.355264076141584,0.1750872991201166,-0.0,-0.0,0.23606603447488522,-0.0,-0.0,-0.0,-0.0,-0.0,-0.0,-0.0,-0.0,-0.0,1.0,1.0,0.9911412192592718,-0.0,-0.0,0.32853733842078575,1.0,-0.0,-0.0,-0.0,-0.0,-0.0,-0.0,-0.0,-0.0,0.21767162184782046,0.05186473082306706,0.12764531591020087,-0.0,-0.0,-0.0,-0.0,0.20462639186963702,-0.0,0.5537244335781517,-0.0,-0.0,0.16264419146551193,-0.0,-0.0,-0.0,-0.0,0.7957235567424057,-0.0,-0.0,-0.0,0.025271395458101406,-0.0,-0.0,0.1358609851028756,-0.0,-0.0,-0.0,-0.0,-0.0,-0.0,-0.0,-0.0,-0.0,-0.0,-0.0,-0.0,0.7627381032581838,-0.0,-0.0,-0.0,-0.0,1.0,-0.0,0.8643023395039208,-0.0,1.0,-0.0,0.1107824708255797,-0.0,0.22279782408216314,-0.0,-0.0,-0.0,0.4414747965428132,-0.0,0.44297607107115056,-0.0,-0.0,-0.0,0.06715913591671481,-0.0,0.48898392702922044,-0.0,-0.0,0.1598402953701327,-0.0
2020-02-09 20:40:00.000000000,-0.0,-0.0,-0.0,-0.0,0.3156230547335613,0.12094409910369837,-0.0,-0.0,0.20258090992996003,-0.0,-0.0,-0.0,-0.0,-0.0,-0.0,-0.0,-0.0,-0.0,0.9213701918240513,1.0,0.812439620431077,-0.0,-0.0,0.2421017913769128,1.0,-0.0,-0.0,-0.0,-0.0,-0.0,-0.0,-0.0,-0.0,0.1622682567715901,0.03784446825915438,0.11844388640754266,-0.0,-0.0,-0.0,-0.0,0.17767067482445983,-0.0,0.5324530059540702,-0.0,-0.0,0.15446323020953237,-0.0,-0.0,-0.0,-0.0,0.7253355064827225,-0.0,-0.0,-0.0,0.00903784044415934,-0.0,-0.0,0.08209703315146284,-0.0,-0.0,-0.0,-0.0,-0.0,-0.0,-0.0,-0.0,-0.0,-0.0,-0.0,-0.0,0.6920533180935299,-0.0,-0.0,-0.0,-0.0,1.0,-0.0,0.8223192233675527,-0.0,1.0,-0.0,0.08159808807935752,-0.0,0.1906490149200645,-0.0,-0.0,-0.0,0.4210738551192863,-0.0,0.38948709695948186,-0.0,-0.0,-0.0,0.04201687386718938,-0.0,0.3913594244274416,-0.0,-0.0,0.13229928979285183,-0.0
2020-02-09 21:09:05.454545454,-0.0,-0.0,-0.0,-0.0,0.2926530976245022,0.07795818065117474,-0.0,-0.0,0.18257095966434267,-0.0,-0.0,-0.0,-0.0,-0.0,-0.0,-0.0,-0.0,-0.0,0.8195275318597667,1.0,0.6887831045486708,-0.0,-0.0,0.19023830546145945,1.0,-0.0,-0.0,-0.0,-0.0,-0.0,-0.0,-0.0,-0.0,0.12038747227404112,0.030058180183831024,0.10882902132877982,-0.0,-0.0,-0.0,-0.0,0.16236491591893668,-0.0,0.5191415293760643,-0.0,-0.0,0.15059563118137992,-0.0,-0.0,-0.0,-0.0,0.6830938234920491,-0.0,-0.0,-0.0,0.0020160879849412394,-0.0,-0.0,0.07056247832312751,-0.0,-0.0,-0.0,-0.0,-0.0,-0.0,-0.0,-0.0,-0.0,-0.0,-0.0,-0.0,0.6483992155040244,-0.0,-0.0,-0.0,-0.0,1.0,-0.0,0.7890423418643328,-0.0,0.9562203443558204,-0.0,0.06170949829660926,-0.0,0.1723204839590202,-0.0,-0.0,-0.0,0.4089998584149724,-0.0,0.3599160181378969,-0.0,-0.0,-0.0,0.0268520560118475,-0.0,0.33177613605008505,-0.0,-0.0,0.11497546405864988,-0.0
2020-02-09 21:38:10.909090909,-0.0,-0.0,-0.0,-0.0,0.2708381245661047,0.05239763004555724,-0.0,-0.0,0.16716361962027942,-0.0,-0.0,-0.0,-0.0,-0.0,-0.0,-0.0,-0.0,-0.0,0.7470590985688076,1.0,0.5898121110738691,-0.0,-0.0,0.15757823573199328,1.0,-0.0,-0.0,-0.0,-0.0,-0.0,-0.0,-0.0,-0.0,0.09355567977608568,0.018885752864924214,0.10050026101546464,-0.0,-0.0,-0.0,-0.0,0.140887844694244,-0.0,0.5025151028803512,-0.0,-0.0,0.14452097235505743,-0.0,-0.0,-0.0,-0.0,0.6379089704925083,-0.0,-0.0,-0.0,-0.0,-0.0,-0.0,0.05650244453062059,-0.0,-0.0,-0.0,-0.0,-0.0,-0.0,-0.0,-0.0,-0.0,-0.0,-0.0,-0.0,0.610048267382827,-0.0,-0.0,-0.0,-0.0,0.9798839123806952,-0.0,0.7653756901912204,-0.0,0.8453773826335946,-0.0,0.048902809955264276,-0.0,0.15697455315106804,-0.0,-0.0,-0.0,0.39625921701816946,-0.0,0.33264241124153116,-0.0,-0.0,-0.0,0.011744456986602777,-0.0,0.29495773208750214,-0.0,-0.0,0.09515533271506348,-0.0
2020-02-09 22:07:16.363636363,-0.0,-0.0,-0.0,-0.0,0.2510137225039719,0.02659524389215749,-0.0,-0.0,0.155376172526536,-0.0,-0.0,-0.0,-0.0,-0.0,-0.0,-0.0,-0.0,-0.0,0.6803606462141726,1.0,0.5138675541141274,-0.0,-0.0,0.12778460688988583,1.0,-0.0,-0.0,-0.0,-0.0,-0.0,-0.0,-0.0,-0.0,0.06735532403243905,-0.0,0.08862995084505139,-0.0,-0.0,-0.0,-0.0,0.1309659501203013,-0.0,0.4907867750106669,-0.0,-0.0,0.14234366922391634,-0.0,-0.0,-0.0,-0.0,0.6201510892238994,-0.0,-0.0,-0.0,-0.0,-0.0,-0.0,0.04747218987544576,-0.0,-0.0,-0.0,-0.0,-0.0,-0.0,-0.0,-0.0,-0.0,-0.0,-0.0,-0.0,0.5729273917354945,-0.0,-0.0,-0.0,-0.0,0.8773744566779093,-0.0,0.7466891269161641,-0.0,0.7406776906287753,-0.0,0.03863551714466239,-0.0,0.1458445885209914,-0.0,-0.0,-0.0,0.38620852686537493,-0.0,0.30997052664851626,-0.0,-0.0,-0.0,-0.0,-0.0,0.25806942138926353,-0.0,-0.0,0.08290042652040687,-0.0
2020-02-09 22:36:21.818181818,-0.0,-0.0,-0.0,-0.0,0.24484384201320228,0.015628451465261237,-0.0,-0.0,0.15418789162852464,-0.0,-0.0,-0.0,-0.0,-0.0,-0.0,-0.0,-0.0,-0.0,0.6510999596904531,1.0,0.48487420586920077,-0.0,-0.0,0.12730085086564483,1.0,-0.0,-0.0,-0.0,-0.0,-0.0,-0.0,-0.0,-0.0,0.05631247591861435,-0.0,0.08844111148963124,-0.0,-0.0,-0.0,-0.0,0.12941226612990153,-0.0,0.4842653807101085,-0.0,-0.0,0.14390703702501972,-0.0,-0.0,-0.0,-0.0,0.6191330303973289,-0.0,-0.0,-0.0,-0.0,-0.0,-0.0,0.04192508127865365,-0.0,-0.0,-0.0,-0.0,-0.0,-0.0,-0.0,-0.0,-0.0,-0.0,-0.0,-0.0,0.5582692362179624,-0.0,-0.0,-0.0,-0.0,0.8387119966195142,-0.0,0.7309146269935826,-0.0,0.7011617562496971,-0.0,0.03732232851985909,-0.0,0.14451612636455816,-0.0,-0.0,-0.0,0.38295761655521576,-0.0,0.30282711625675446,-0.0,-0.0,-0.0,-0.0,-0.0,0.25799408094070825,-0.0,-0.0,0.07978290582014126,-0.0
2020-02-09 23:05:27.272727272,-0.0,-0.0,-0.0,-0.0,0.25062053304208576,0.01673476649268179,-0.0,-0.0,0.16347256712958058,-0.0,-0.0,-0.0,-0.0,-0.0,-0.0,-0.0,-0.0,-0.0,0.6542683229017233,1.0,0.4899657515641336,-0.0,-0.0,0.15361980836928762,1.0,-0.0,-0.0,-0.0,-0.0,-0.0,-0.0,-0.0,-0.0,0.057890207800101526,-0.0,0.08578843549353635,-0.0,-0.0,-0.0,-0.0,0.13407716997391267,-0.0,0.483201892695193,-0.0,-0.0,0.14757998440704417,-0.0,-0.0,-0.0,-0.0,0.6428319942726693,-0.0,-0.0,-0.0,0.010057608059027492,-0.0,-0.0,0.04002997741192671,-0.0,-0.0,-0.0,-0.0,-0.0,-0.0,-0.0,-0.0,-0.0,-0.0,-0.0,-0.0,0.5625600175379928,-0.0,-0.0,-0.0,-0.0,0.8469947033658642,-0.0,0.7147733287185783,-0.0,0.7063728174618666,-0.0,0.04572077648094886,-0.0,0.1530584390065734,-0.0,-0.0,-0.0,0.38587195252662765,-0.0,0.3114745823715534,-0.0,-0.0,-0.0,-0.0,-0.0,0.2883210705681172,-0.0,-0.0,0.08311344333787692,-0.0
2020-02-09 23:34:32.727272727,-0.0,-0.0,-0.0,-0.0,0.23231018784827914,-0.0,-0.0,-0.0,0.14689543303057642,-0.0,-0.0,-0.0,-0.0,-0.0,-0.0,-0.0,-0.0,-0.0,0.6112691056284135,1.0,0.4343357037527508,-0.0,-0.0,0.12216441707648858,1.0,-0.0,-0.0,-0.0,-0.0,-0.0,-0.0,-0.0,-0.0,0.037247289875690696,-0.0,0.07700079709900015,-0.0,-0.0,-0.0,-0.0,0.11750822306376073,-0.0,0.4681062787018445,-0.0,-0.0,0.14245069291161758,-0.0,-0.0,-0.0,-0.0,0.6107867564548543,-0.0,-0.0,-0.0,-0.0,-0.0,-0.0,0.02867351450443906,-0.0,-0.0,-0.0,-0.0,-0.0,-0.0,-0.0,-0.0,-0.0,-0.0,-0.0,-0.0,0.5365888244527899,-0.0,-0.0,-0.0,-0.0,0.7930812764473488,-0.0,0.6983853224813007,-0.0,0.6613268708118211,-0.0,0.031666946291151354,-0.0,0.13691811069315957,-0.0,-0.0,-0.0,0.37556099667036824,-0.0,0.2894258501061253,-0.0,-0.0,-0.0,-0.0,-0.0,0.2553107388233445,-0.0,-0.0,0.07226398443833264,-0.0
2020-02-10 00:03:38.181818181,-0.0,-0.0,-0.0,-0.0,0.23552805634687696,-0.0,-0.0,-0.0,0.15548099280073402,-0.0,-0.0,-0.0,-0.0,-0.0,-0.0,-0.0,-0.0,-0.0,0.606198040050952,1.0,0.4290134941104827,-0.0,-0.0,0.13842166546151796,1.0,-0.0,-0.0,-0.0,-0.0,-0.0,-0.0,-0.0,-0.0,0.035971765182688846,-0.0,0.0779943033295276,-0.0,-0.0,-0.0,-0.0,0.12767193548627695,-0.0,0.46938062239334033,-0.0,-0.0,0.14808842327702446,-0.0,-0.0,-0.0,-0.0,0.6319335951326652,-0.0,-0.0,-0.0,0.012366254002043707,-0.0,-0.0,0.029683796110371276,-0.0,-0.0,-0.0,-0.0,-0.0,-0.0,-0.0,-0.0,-0.0,-0.0,-0.0,-0.0,0.5359919386955221,-0.0,-0.0,-0.0,-0.0,0.7711846569360161,-0.0,0.5955580214934508,-0.0,0.6323071197399359,-0.0,0.03868181823045808,-0.0,0.14536805489998214,-0.0,-0.0,-0.0,0.378360190146318,-0.0,0.2972443715757741,-0.0,-0.0,-0.0,-0.0,-0.0,0.2718460312481814,-0.0,-0.0,0.0757597002983761,-0.0
2020-02-10 00:32:43.636363636,-0.0,-0.0,-0.0,-0.0,0.23945262586864408,-0.0,-0.0,-0.0,0.1575889311654911,-0.0,-0.0,-0.0,-0.0,-0.0,-0.0,-0.0,-0.0,-0.0,0.6095628864848696,1.0,0.43451613499417996,-0.0,-0.0,0.15695299875976623,1.0,-0.0,-0.0,-0.0,-0.0,-0.0,-0.0,-0.0,-0.0,0.037642201781399647,-0.0,0.07450866382076567,-0.0,-0.0,-0.0,-0.0,0.12872784915097177,-0.0,0.4653373270339449,-0.0,-0.0,0.15048002103491243,-0.0,-0.0,-0.0,-0.0,0.6420445126821204,-0.0,-0.0,-0.0,0.01891816210727165,-0.0,-0.0,0.026558485764968536,-0.0,-0.0,-0.0,-0.0,-0.0,-0.0,-0.0,-0.0,-0.0,-0.0,-0.0,-0.0,0.5392765975267083,-0.0,-0.0,-0.0,-0.0,0.7873928624549454,-0.0,0.5503240430355384,-0.0,0.6506395849703005,-0.0,0.04111491028727703,-0.0,0.1468998667536058,-0.0,-0.0,-0.0,0.38018070681841715,-0.0,0.2969727459299875,-0.0,-0.0,-0.0,-0.0,-0.0,0.29651268887365084,-0.0,-0.0,0.07468338971681875,-0.0
2020-02-10 01:01:49.090909090,-0.0,-0.0,-0.0,-0.0,0.2319693349229827,-0.0,-0.0,-0.0,0.15208522234032362,-0.0,-0.0,-0.0,-0.0,-0.0,-0.0,-0.0,-0.0,-0.0,0.5880949091083424,1.0,0.4050823956205864,-0.0,-0.0,0.14901098913454805,1.0,-0.0,-0.0,-0.0,-0.0,-0.0,-0.0,-0.0,-0.0,0.030833570660762546,-0.0,0.05808629658979926,-0.0,-0.0,-0.0,-0.0,0.12077592412133331,-0.0,0.37076973498544463,-0.0,-0.0,0.14799400620900588,-0.0,-0.0,-0.0,-0.0,0.6323597035268296,-0.0,-0.0,-0.0,0.017242138918353578,-0.0,-0.0,0.01942211161211375,-0.0,-0.0,-0.0,-0.0,-0.0,-0.0,-0.0,-0.0,-0.0,-0.0,-0.0,-0.0,0.5275686646693177,-0.0,-0.0,-0.0,-0.0,0.7614153414732864,-0.0,0.5173970625977099,-0.0,0.6293459279093289,-0.0,0.03672142795843998,-0.0,0.14130992515149027,-0.0,-0.0,-0.0,0.3749134415095433,-0.0,0.2952230691265628,-0.0,-0.0,-0.0,-0.0,-0.0,0.2888980901365887,-0.0,-0.0,0.07700789070200456,-0.0
2020-02-10 01:30:54.545454545,-0.0,-0.0,-0.0,-0.0,0.2158668666465996,-0.0,-0.0,-0.0,0.13542047614377425,-0.0,-0.0,-0.0,-0.0,-0.0,-0.0,-0.0,-0.0,-0.0,0.5320046881198828,1.0,0.342772150486967,-0.0,-0.0,0.10449415118249027,1.0,-0.0,-0.0,-0.0,-0.0,-0.0,-0.0,-0.0,-0.0,0.012198015808727331,-0.0,0.02529392463518707,-0.0,-0.0,-0.0,-0.0,0.10130581002448337,-0.0,0.33804497818725093,-0.0,-0.0,0.14043971025847507,-0.0,-0.0,-0.0,-0.0,0.5948931333613551,-0.0,-0.0,-0.0,0.0014571254120273342,-0.0,-0.0,0.007917834442250294,-0.0,-0.0,-0.0,-0.0,-0.0,-0.0,-0.0,-0.0,-0.0,-0.0,-0.0,-0.0,0.49479374652108593,-0.0,-0.0,-0.0,-0.0,0.6802744000868414,-0.0,0.4829575323605002,-0.0,0.5519698018966792,-0.0,0.021928288722764467,-0.0,0.1280506966683117,-0.0,-0.0,-0.0,0.36155175453256017,-0.0,0.2626308534379719,-0.0,-0.0,-0.0,-0.0,-0.0,0.23876049269878752,-0.0,-0.0,0.056532632595037095,-0.0
2020-02-10 02:00:00.000000000,-0.0,-0.0,-0.0,-0.0,0.20285880875650653,-0.0,-0.0,-0.0,0.12515752552484616,-0.0,-0.0,-0.0,-0.0,-0.0,-0.0,-0.0,-0.0,-0.0,0.4864642761875253,0.9923068271286919,0.29316388632375534,-0.0,-0.0,0.0706404402100872,0.9478394331946025,-0.0,-0.0,-0.0,-0.0,-0.0,-0.0,-0.0,-0.0,-0.0,-0.0,0.01615496393821368,-0.0,-0.0,-0.0,-0.0,0.08770729865900176,-0.0,0.31336309296168474,-0.0,-0.0,0.13496493281787522,-0.0,-0.0,-0.0,-0.0,0.5667935080951819,-0.0,-0.0,-0.0,-0.0,-0.0,-0.0,-0.0,-0.0,-0.0,-0.0,-0.0,-0.0,-0.0,-0.0,-0.0,-0.0,-0.0,-0.0,-0.0,0.4669391066021011,-0.0,-0.0,-0.0,-0.0,0.6135397232919387,-0.0,0.45362463792669844,-0.0,0.4878237088453823,-0.0,0.010297116762575746,-0.0,0.11870378700151739,-0.0,-0.0,-0.0,0.3507291522733211,-0.0,0.24596193752970127,-0.0,-0.0,-0.0,-0.0,-0.0,0.1976184886958715,-0.0,-0.0,0.04491345115483616,-0.0
2020-02-10 02:29:05.454545454,-0.0,-0.0,-0.0,-0.0,0.1961038219736477,-0.0,-0.0,-0.0,0.11281473092028248,-0.0,-0.0,-0.0,-0.0,-0.0,-0.0,-0.0,-0.0,-0.0,0.4719737741996246,0.9500828385905583,0.2666090630734695,-0.0,-0.0,0.06138321043797357,0.9288975735644497,-0.0,-0.0,-0.0,-0.0,-0.0,-0.0,-0.0,-0.0,-0.0,-0.0,0.007982690070728148,-0.0,-0.0,-0.0,-0.0,0.07735064964167207,-0.0,0.2942151899311246,-0.0,-0.0,0.130355317221427,-0.0,-0.0,-0.0,-0.0,0.5519684981937799,-0.0,-0.0,-0.0,-0.0,-0.0,-0.0,-0.0,-0.0,-0.0,-0.0,-0.0,-0.0,-0.0,-0.0,-0.0,-0.0,-0.0,-0.0,-0.0,0.4552399578369406,-0.0,-0.0,-0.0,-0.0,0.5722171867775783,-0.0,0.42340687106134295,-0.0,0.44812791776123734,-0.0,0.0032157170772105586,-0.0,0.10329123616280102,-0.0,-0.0,-0.0,0.2756271392990761,-0.0,0.23531189979018163,-0.0,-0.0,-0.0,-0.0,-0.0,0.18587614597436236,-0.0,-0.0,0.03732878714037984,-0.0
2020-02-10 02:58:10.909090909,-0.0,-0.0,-0.0,-0.0,0.183090820731544,-0.0,-0.0,-0.0,0.06374604297320365,-0.0,-0.0,-0.0,-0.0,-0.0,-0.0,-0.0,-0.0,-0.0,0.43033345948282226,0.8942133863598863,0.22544151318476213,-0.0,-0.0,0.045828872733440267,0.8970023294202263,-0.0,-0.0,-0.0,-0.0,-0.0,-0.0,-0.0,-0.0,-0.0,-0.0,-0.0,-0.0,-0.0,-0.0,-0.0,0.06566917129724406,-0.0,0.2722277004691673,-0.0,-0.0,0.12477913274694984,-0.0,-0.0,-0.0,-0.0,0.5266572629374212,-0.0,-0.0,-0.0,-0.0,-0.0,-0.0,-0.0,-0.0,-0.0,-0.0,-0.0,-0.0,-0.0,-0.0,-0.0,-0.0,-0.0,-0.0,-0.0,0.4285917546858,-0.0,-0.0,-0.0,-0.0,0.5237246790516726,-0.0,0.39663521691424547,-0.0,0.4026141504991676,-0.0,-0.0,-0.0,0.05559516836041504,-0.0,-0.0,-0.0,0.2575438737403026,-0.0,0.2216967569298091,-0.0,-0.0,-0.0,-0.0,-0.0,0.16693424363073994,-0.0,-0.0,0.02702616768175335,-0.0
2020-02-10 03:27:16.363636363,-0.0,-0.0,-0.0,-0.0,0.17759075391780824,-0.0,-0.0,-0.0,0.059786608515524774,-0.0,-0.0,-0.0,-0.0,-0.0,-0.0,-0.0,-0.0,-0.0,0.4129268237899654,0.8675201765261159,0.20943955388920488,-0.0,-0.0,0.03743460218443247,0.8805926653627794,-0.0,-0.0,-0.0,-0.0,-0.0,-0.0,-0.0,-0.0,-0.0,-0.0,-0.0,-0.0,-0.0,-0.0,-0.0,0.061594129680443616,-0.0,0.26002658789957056,-0.0,-0.0,0.1220190332329098,-0.0,-0.0,-0.0,-0.0,0.5203438820886956,-0.0,-0.0,-0.0,-0.0,-0.0,-0.0,-0.0,-0.0,-0.0,-0.0,-0.0,-0.0,-0.0,-0.0,-0.0,-0.0,-0.0,-0.0,-0.0,0.419882293793424,-0.0,-0.0,-0.0,-0.0,0.5014728210356546,-0.0,0.3734761300085286,-0.0,0.3817992186640949,-0.0,-0.0,-0.0,0.05164572295464334,-0.0,-0.0,-0.0,0.24904425230193752,-0.0,0.21456582453131387,-0.0,-0.0,-0.0,-0.0,-0.0,0.15554745305601098,-0.0,-0.0,-0.0,-0.0
2020-02-10 03:56:21.818181818,-0.0,-0.0,-0.0,-0.0,0.17616724355163865,-0.0,-0.0,-0.0,0.061523368279142766,-0.0,-0.0,-0.0,-0.0,-0.0,-0.0,-0.0,-0.0,-0.0,0.4067580651061768,0.8588051403216483,0.2040674188679964,-0.0,-0.0,0.03884837576185711,0.8837888584558731,-0.0,-0.0,-0.0,-0.0,-0.0,-0.0,-0.0,-0.0,-0.0,-0.0,-0.0,-0.0,-0.0,-0.0,-0.0,0.06389244818356418,-0.0,0.25488442129863187,-0.0,-0.0,0.12138493327507628,-0.0,-0.0,-0.0,-0.0,0.5254206764636686,-0.0,-0.0,-0.0,-0.0,-0.0,-0.0,-0.0,-0.0,-0.0,-0.0,-0.0,-0.0,-0.0,-0.0,-0.0,-0.0,-0.0,-0.0,-0.0,0.41636775621032285,-0.0,-0.0,-0.0,-0.0,0.4944824139598731,-0.0,0.3540908621972626,-0.0,0.3749930554921888,-0.0,-0.0,-0.0,0.05361125144976128,-0.0,-0.0,-0.0,0.2465741148338783,-0.0,0.2125356007290689,-0.0,-0.0,-0.0,-0.0,-0.0,0.15730448124336768,-0.0,-0.0,-0.0,-0.0
2020-02-10 04:25:27.272727272,-0.0,-0.0,-0.0,-0.0,0.16768054066314625,-0.0,-0.0,-0.0,0.05007575734142338,-0.0,-0.0,-0.0,-0.0,-0.0,-0.0,-0.0,-0.0,-0.0,0.38274286366067967,0.8228033768190183,0.1810174502931187,-0.0,-0.0,0.029342604084730484,0.863668778865299,-0.0,-0.0,-0.0,-0.0,-0.0,-0.0,-0.0,-0.0,-0.0,-0.0,-0.0,-0.0,-0.0,-0.0,-0.0,0.050153823487261585,-0.0,0.23443637823340296,-0.0,-0.0,0.11428540534823846,-0.0,-0.0,-0.0,-0.0,0.5053146113418966,-0.0,-0.0,-0.0,-0.0,-0.0,-0.0,-0.0,-0.0,-0.0,-0.0,-0.0,-0.0,-0.0,-0.0,-0.0,-0.0,-0.0,-0.0,-0.0,0.40443508820892693,-0.0,-0.0,-0.0,-0.0,0.4668338540095205,-0.0,0.3291880186365608,-0.0,0.35076352386730886,-0.0,-0.0,-0.0,0.041770537596954205,-0.0,-0.0,-0.0,0.2325859320260422,-0.0,0.20368300055670432,-0.0,-0.0,-0.0,-0.0,-0.0,0.14615010802024114,-0.0,-0.0,-0.0,-0.0
2020-02-10 04:54:32.727272727,-0.0,-0.0,-0.0,-0.0,0.15557494977422723,-0.0,-0.0,-0.0,0.036752368842657944,-0.0,-0.0,-0.0,-0.0,-0.0,-0.0,-0.0,-0.0,-0.0,0.3589421239091483,0.7742994191314604,0.15311377228258363,-0.0,-0.0,0.01171895288048472,0.8277686363781767,-0.0,-0.0,-0.0,-0.0,-0.0,-0.0,-0.0,-0.0,-0.0,-0.0,-0.0,-0.0,-0.0,-0.0,-0.0,0.03682544899954594,-0.0,0.21279068892291558,-0.0,-0.0,0.10661421189270946,-0.0,-0.0,-0.0,-0.0,0.38311615217890227,-0.0,-0.0,-0.0,-0.0,-0.0,-0.0,-0.0,-0.0,-0.0,-0.0,-0.0,-0.0,-0.0,-0.0,-0.0,-0.0,-0.0,-0.0,-0.0,0.3883558518666083,-0.0,-0.0,-0.0,-0.0,0.42546026490879135,-0.0,0.3049386969161637,-0.0,0.312680678438191,-0.0,-0.0,-0.0,0.02894703411736111,-0.0,-0.0,-0.0,0.21432222219337732,-0.0,0.18864148287419136,-0.0,-0.0,-0.0,-0.0,-0.0,0.125183822985152,-0.0,-0.0,-0.0,-0.0
2020-02-10 05:23:38.181818181,-0.0,-0.0,-0.0,-0.0,0.0993266573807584,-0.0,-0.0,-0.0,0.024552488908739088,-0.0,-0.0,-0.0,-0.0,-0.0,-0.0,-0.0,-0.0,-0.0,0.33610570714514926,0.7335221633256132,0.12573723422904992,-0.0,-0.0,-0.0,0.7922941762495549,-0.0,-0.0,-0.0,-0.0,-0.0,-0.0,-0.0,-0.0,-0.0,-0.0,-0.0,-0.0,-0.0,-0.0,-0.0,0.024725699408614996,-0.0,0.192883953244049,-0.0,-0.0,0.0991235319240574,-0.0,-0.0,-0.0,-0.0,0.35003582839770603,-0.0,-0.0,-0.0,-0.0,-0.0,-0.0,-0.0,-0.0,-0.0,-0.0,-0.0,-0.0,-0.0,-0.0,-0.0,-0.0,-0.0,-0.0,-0.0,0.3717460960610471,-0.0,-0.0,-0.0,-0.0,0.389286292106239,-0.0,0.28175344437588057,-0.0,0.2789845247269131,-0.0,-0.0,-0.0,0.017221029603430697,-0.0,-0.0,-0.0,0.1970748495805265,-0.0,0.12596144396351003,-0.0,-0.0,-0.0,-0.0,-0.0,0.1028520203257285,-0.0,-0.0,-0.0,-0.0
2020-02-10 05:52:43.636363636,-0.0,-0.0,-0.0,-0.0,0.08627015582216957,-0.0,-0.0,-0.0,0.013368761733308594,-0.0,-0.0,-0.0,-0.0,-0.0,-0.0,-0.0,-0.0,-0.0,0.3170755936455718,0.7045458557088521,0.10861157398900809,-0.0,-0.0,-0.0,0.648655717703525,-0.0,-0.0,-0.0,-0.0,-0.0,-0.0,-0.0,-0.0,-0.0,-0.0,-0.0,-0.0,-0.0,-0.0,-0.0,0.013735950628789916,-0.0,0.17434065898668494,-0.0,-0.0,0.09180553068381966,-0.0,-0.0,-0.0,-0.0,0.3201406827758616,-0.0,-0.0,-0.0,-0.0,-0.0,-0.0,-0.0,-0.0,-0.0,-0.0,-0.0,-0.0,-0.0,-0.0,-0.0,-0.0,-0.0,-0.0,-0.0,0.3568098648604097,-0.0,-0.0,-0.0,-0.0,0.36449269164722153,-0.0,0.2596354551754615,-0.0,0.2558332469538799,-0.0,-0.0,-0.0,0.006477085727189361,-0.0,-0.0,-0.0,0.18085114062278762,-0.0,0.11200501944238299,-0.0,-0.0,-0.0,-0.0,-0.0,0.0992360341102367,-0.0,-0.0,-0.0,-0.0
2020-02-10 06:21:49.090909090,-0.0,-0.0,-0.0,-0.0,0.07402305912135324,-0.0,-0.0,-0.0,0.0030916841899088793,-0.0,-0.0,-0.0,-0.0,-0.0,-0.0,-0.0,-0.0,-0.0,0.3034902082311399,0.6793924027241728,0.09331003034893863,-0.0,-0.0,-0.0,0.59786336019064,-0.0,-0.0,-0.0,-0.0,-0.0,-0.0,-0.0,-0.0,-0.0,-0.0,-0.0,-0.0,-0.0,-0.0,-0.0,0.003735515418249229,-0.0,0.15774317852943617,-0.0,-0.0,0.08464359362293247,-0.0,-0.0,-0.0,-0.0,0.29302330272194216,-0.0,-0.0,-0.0,-0.0,-0.0,-0.0,-0.0,-0.0,-0.0,-0.0,-0.0,-0.0,-0.0,-0.0,-0.0,-0.0,-0.0,-0.0,-0.0,0.2884802543673983,-0.0,-0.0,-0.0,-0.0,0.3416987063718591,-0.0,0.23853797385147235,-0.0,0.23450926542323466,-0.0,-0.0,-0.0,-0.0,-0.0,-0.0,-0.0,0.16555958794863754,-0.0,0.09528030332533495,-0.0,-0.0,-0.0,-0.0,-0.0,0.0257482712460345,-0.0,-0.0,-0.0,-0.0
2020-02-10 06:50:54.545454545,-0.0,-0.0,-0.0,-0.0,0.06254072281741067,-0.0,-0.0,-0.0,-0.0,-0.0,-0.0,-0.0,-0.0,-0.0,-0.0,-0.0,-0.0,-0.0,0.2827325740609897,0.6548579357282585,0.07845650285338353,-0.0,-0.0,-0.0,0.5602910679056662,-0.0,-0.0,-0.0,-0.0,-0.0,-0.0,-0.0,-0.0,-0.0,-0.0,-0.0,-0.0,-0.0,-0.0,-0.0,-0.0,-0.0,0.14170385576747596,-0.0,-0.0,0.07763219028006184,-0.0,-0.0,-0.0,-0.0,0.26840787826574963,-0.0,-0.0,-0.0,-0.0,-0.0,-0.0,-0.0,-0.0,-0.0,-0.0,-0.0,-0.0,-0.0,-0.0,-0.0,-0.0,-0.0,-0.0,-0.0,0.2553561400723893,-0.0,-0.0,-0.0,-0.0,0.32412698225580505,-0.0,0.21843366213903517,-0.0,0.21833818214299316,-0.0,-0.0,-0.0,-0.0,-0.0,-0.0,-0.0,0.1511443741859636,-0.0,0.08356300120476556,-0.0,-0.0,-0.0,-0.0,-0.0,0.015821692894015284,-0.0,-0.0,-0.0,-0.0
2020-02-10 07:20:00.000000000,-0.0,-0.0,-0.0,-0.0,0.051761056493053736,-0.0,-0.0,-0.0,-0.0,-0.0,-0.0,-0.0,-0.0,-0.0,-0.0,-0.0,-0.0,-0.0,0.2669776673208197,0.6302008064847812,0.06410382414998701,-0.0,-0.0,-0.0,0.5258854131602462,-0.0,-0.0,-0.0,-0.0,-0.0,-0.0,-0.0,-0.0,-0.0,-0.0,-0.0,-0.0,-0.0,-0.0,-0.0,-0.0,-0.0,0.12683756049768996,-0.0,-0.0,0.07076316562910269,-0.0,-0.0,-0.0,-0.0,0.2459960654319986,-0.0,-0.0,-0.0,-0.0,-0.0,-0.0,-0.0,-0.0,-0.0,-0.0,-0.0,-0.0,-0.0,-0.0,-0.0,-0.0,-0.0,-0.0,-0.0,0.23595629975396154,-0.0,-0.0,-0.0,-0.0,0.3019013447805727,-0.0,0.19926668925851765,-0.0,0.19740861669117643,-0.0,-0.0,-0.0,-0.0,-0.0,-0.0,-0.0,0.13752693036818447,-0.0,0.07089016334641005,-0.0,-0.0,-0.0,-0.0,-0.0,0.006802459630600607,-0.0,-0.0,-0.0,-0.0
2020-02-10 07:49:05.454545454,-0.0,-0.0,-0.0,-0.0,0.041641317616654946,-0.0,-0.0,-0.0,-0.0,-0.0,-0.0,-0.0,-0.0,-0.0,-0.0,-0.0,-0.0,-0.0,0.19430639572452793,0.6079776527157895,0.05097116822414555,-0.0,-0.0,-0.0,0.49434552730036974,-0.0,-0.0,-0.0,-0.0,-0.0,-0.0,-0.0,-0.0,-0.0,-0.0,-0.0,-0.0,-0.0,-0.0,-0.0,-0.0,-0.0,0.11293518996048975,-0.0,-0.0,0.06403515779692624,-0.0,-0.0,-0.0,-0.0,0.22556938924175426,-0.0,-0.0,-0.0,-0.0,-0.0,-0.0,-0.0,-0.0,-0.0,-0.0,-0.0,-0.0,-0.0,-0.0,-0.0,-0.0,-0.0,-0.0,-0.0,0.21769518759018247,-0.0,-0.0,-0.0,-0.0,0.28339045479673414,-0.0,0.18098851148798087,-0.0,0.18021222921194807,-0.0,-0.0,-0.0,-0.0,-0.0,-0.0,-0.0,0.12465266106151504,-0.0,0.06057441831639849,-0.0,-0.0,-0.0,-0.0,-0.0,-0.0,-0.0,-0.0,-0.0,-0.0
2020-02-10 08:18:10.909090909,-0.0,-0.0,-0.0,-0.0,0.03213537060363291,-0.0,-0.0,-0.0,-0.0,-0.0,-0.0,-0.0,-0.0,-0.0,-0.0,-0.0,-0.0,-0.0,0.17785557558117102,0.48366313175649794,0.004882437653321564,-0.0,-0.0,-0.0,0.465382781331228,-0.0,-0.0,-0.0,-0.0,-0.0,-0.0,-0.0,-0.0,-0.0,-0.0,-0.0,-0.0,-0.0,-0.0,-0.0,-0.0,-0.0,0.10022715478759091,-0.0,-0.0,0.05744271076077814,-0.0,-0.0,-0.0,-0.0,0.20692799295050424,-0.0,-0.0,-0.0,-0.0,-0.0,-0.0,-0.0,-0.0,-0.0,-0.0,-0.0,-0.0,-0.0,-0.0,-0.0,-0.0,-0.0,-0.0,-0.0,0.20050760496542286,-0.0,-0.0,-0.0,-0.0,0.21199949447583089,-0.0,0.16353157145392894,-0.0,0.1705307566076608,-0.0,-0.0,-0.0,-0.0,-0.0,-0.0,-0.0,0.11246978544958046,-0.0,0.0505483081250991,-0.0,-0.0,-0.0,-0.0,-0.0,-0.0,-0.0,-0.0,-0.0,-0.0
2020-02-10 08:47:16.363636363,-0.0,-0.0,-0.0,-0.0,0.023336865541859438,-0.0,-0.0,-0.0,-0.0,-0.0,-0.0,-0.0,-0.0,-0.0,-0.0,-0.0,-0.0,-0.0,0.16257276177475277,0.45583962731359884,-0.0,-0.0,-0.0,-0.0,0.4390958912037556,-0.0,-0.0,-0.0,-0.0,-0.0,-0.0,-0.0,-0.0,-0.0,-0.0,-0.0,-0.0,-0.0,-0.0,-0.0,-0.0,-0.0,0.08907578075018668,-0.0,-0.0,0.05137605212909111,-0.0,-0.0,-0.0,-0.0,0.19024191998647724,-0.0,-0.0,-0.0,-0.0,-0.0,-0.0,-0.0,-0.0,-0.0,-0.0,-0.0,-0.0,-0.0,-0.0,-0.0,-0.0,-0.0,-0.0,-0.0,0.18457335428992727,-0.0,-0.0,-0.0,-0.0,0.1919198203130384,-0.0,0.14740910706699475,-0.0,0.1077801045175329,-0.0,-0.0,-0.0,-0.0,-0.0,-0.0,-0.0,0.10121952143415132,-0.0,0.04020319968453394,-0.0,-0.0,-0.0,-0.0,-0.0,-0.0,-0.0,-0.0,-0.0,-0.0
2020-02-10 09:16:21.818181818,-0.0,-0.0,-0.0,-0.0,0.02208953078904256,-0.0,-0.0,-0.0,-0.0,-0.0,-0.0,-0.0,-0.0,-0.0,-0.0,-0.0,-0.0,-0.0,0.15909954667392565,0.4500848258380826,-0.0,-0.0,-0.0,-0.0,0.4416633562536833,-0.0,-0.0,-0.0,-0.0,-0.0,-0.0,-0.0,-0.0,-0.0,-0.0,-0.0,-0.0,-0.0,-0.0,-0.0,-0.0,-0.0,0.0880492580294986,-0.0,-0.0,0.049022516507074794,-0.0,-0.0,-0.0,-0.0,0.19964189601698698,-0.0,-0.0,-0.0,-0.0,-0.0,-0.0,-0.0,-0.0,-0.0,-0.0,-0.0,-0.0,-0.0,-0.0,-0.0,-0.0,-0.0,-0.0,-0.0,0.18006915305000534,-0.0,-0.0,-0.0,-0.0,0.1876085880742103,-0.0,0.13668155382383565,-0.0,0.10424563448189324,-0.0,-0.0,-0.0,-0.0,-0.0,-0.0,-0.0,0.09896523628352057,-0.0,0.03928340161061002,-0.0,-0.0,-0.0,-0.0,-0.0,-0.0,-0.0,-0.0,-0.0,-0.0
2020-02-10 09:45:27.272727272,-0.0,-0.0,-0.0,-0.0,0.01645886063784933,-0.0,-0.0,-0.0,-0.0,-0.0,-0.0,-0.0,-0.0,-0.0,-0.0,-0.0,-0.0,-0.0,0.1493500411884974,0.43255006295371995,-0.0,-0.0,-0.0,-0.0,0.43394150237999807,-0.0,-0.0,-0.0,-0.0,-0.0,-0.0,-0.0,-0.0,-0.0,-0.0,-0.0,-0.0,-0.0,-0.0,-0.0,-0.0,-0.0,0.07702011281352653,-0.0,-0.0,0.04270534464782989,-0.0,-0.0,-0.0,-0.0,0.18900465804781288,-0.0,-0.0,-0.0,-0.0,-0.0,-0.0,-0.0,-0.0,-0.0,-0.0,-0.0,-0.0,-0.0,-0.0,-0.0,-0.0,-0.0,-0.0,-0.0,0.17014759138194413,-0.0,-0.0,-0.0,-0.0,0.17914074294107207,-0.0,0.12201682279703428,-0.0,0.09794769154752574,-0.0,-0.0,-0.0,-0.0,-0.0,-0.0,-0.0,0.09085977585404897,-0.0,0.03472394950209408,-0.0,-0.0,-0.0,-0.0,-0.0,-0.0,-0.0,-0.0,-0.0,-0.0
2020-02-10 10:14:32.727272727,-0.0,-0.0,-0.0,-0.0,0.008038569698885925,-0.0,-0.0,-0.0,-0.0,-0.0,-0.0,-0.0,-0.0,-0.0,-0.0,-0.0,-0.0,-0.0,0.13484463926252058,0.40646945891552233,-0.0,-0.0,-0.0,-0.0,0.4079253435592563,-0.0,-0.0,-0.0,-0.0,-0.0,-0.0,-0.0,-0.0,-0.0,-0.0,-0.0,-0.0,-0.0,-0.0,-0.0,-0.0,-0.0,0.06508883409213606,-0.0,-0.0,0.035790047010015674,-0.0,-0.0,-0.0,-0.0,0.17160392795328044,-0.0,-0.0,-0.0,-0.0,-0.0,-0.0,-0.0,-0.0,-0.0,-0.0,-0.0,-0.0,-0.0,-0.0,-0.0,-0.0,-0.0,-0.0,-0.0,0.15506509055961507,-0.0,-0.0,-0.0,-0.0,0.1639274675895494,-0.0,0.1073558989141185,-0.0,0.08626259286776736,-0.0,-0.0,-0.0,-0.0,-0.0,-0.0,-0.0,0.07984486482312196,-0.0,0.024863507343747603,-0.0,-0.0,-0.0,-0.0,-0.0,-0.0,-0.0,-0.0,-0.0,-0.0
2020-02-10 10:43:38.181818181,-0.0,-0.0,-0.0,-0.0,-0.0,-0.0,-0.0,-0.0,-0.0,-0.0,-0.0,-0.0,-0.0,-0.0,-0.0,-0.0,-0.0,-0.0,0.11716654160257083,0.3736988342406657,-0.0,-0.0,-0.0,-0.0,0.3736108289647113,-0.0,-0.0,-0.0,-0.0,-0.0,-0.0,-0.0,-0.0,-0.0,-0.0,-0.0,-0.0,-0.0,-0.0,-0.0,-0.0,-0.0,0.050013335812332416,-0.0,-0.0,0.027466113127907185,-0.0,-0.0,-0.0,-0.0,0.14738971388896915,-0.0,-0.0,-0.0,-0.0,-0.0,-0.0,-0.0,-0.0,-0.0,-0.0,-0.0,-0.0,-0.0,-0.0,-0.0,-0.0,-0.0,-0.0,-0.0,0.1367785898163948,-0.0,-0.0,-0.0,-0.0,0.14517482636044815,-0.0,0.0913932242429967,-0.0,0.07186553659536306,-0.0,-0.0,-0.0,-0.0,-0.0,-0.0,-0.0,0.06637878076965287,-0.0,0.013005904156339556,-0.0,-0.0,-0.0,-0.0,-0.0,-0.0,-0.0,-0.0,-0.0,-0.0
2020-02-10 11:12:43.636363636,-0.0,-0.0,-0.0,-0.0,-0.0,-0.0,-0.0,-0.0,-0.0,-0.0,-0.0,-0.0,-0.0,-0.0,-0.0,-0.0,-0.0,-0.0,0.09651865309654581,0.3360321412250921,-0.0,-0.0,-0.0,-0.0,0.33133502338512033,-0.0,-0.0,-0.0,-0.0,-0.0,-0.0,-0.0,-0.0,-0.0,-0.0,-0.0,-0.0,-0.0,-0.0,-0.0,-0.0,-0.0,0.03404214588781668,-0.0,-0.0,0.01794679282412399,-0.0,-0.0,-0.0,-0.0,0.11957837685780309,-0.0,-0.0,-0.0,-0.0,-0.0,-0.0,-0.0,-0.0,-0.0,-0.0,-0.0,-0.0,-0.0,-0.0,-0.0,-0.0,-0.0,-0.0,-0.0,0.11518937994141087,-0.0,-0.0,-0.0,-0.0,0.12289944015314785,-0.0,0.07433673299695667,-0.0,0.054741268618191105,-0.0,-0.0,-0.0,-0.0,-0.0,-0.0,-0.0,0.05020159529780632,-0.0,-0.0,-0.0,-0.0,-0.0,-0.0,-0.0,-0.0,-0.0,-0.0,-0.0,-0.0
2020-02-10 11:41:49.090909090,-0.0,-0.0,-0.0,-0.0,-0.0,-0.0,-0.0,-0.0,-0.0,-0.0,-0.0,-0.0,-0.0,-0.0,-0.0,-0.0,-0.0,-0.0,0.07878402214523787,0.3044270817253156,-0.0,-0.0,-0.0,-0.0,0.29555667581557576,-0.0,-0.0,-0.0,-0.0,-0.0,-0.0,-0.0,-0.0,-0.0,-0.0,-0.0,-0.0,-0.0,-0.0,-0.0,-0.0,-0.0,0.022201791599015842,-0.0,-0.0,0.00806397491045369,-0.0,-0.0,-0.0,-0.0,0.09910642734319258,-0.0,-0.0,-0.0,-0.0,-0.0,-0.0,-0.0,-0.0,-0.0,-0.0,-0.0,-0.0,-0.0,-0.0,-0.0,-0.0,-0.0,-0.0,-0.0,0.09500524215390706,-0.0,-0.0,-0.0,-0.0,0.10406951752944342,-0.0,0.057472152692274264,-0.0,0.04017121497530056,-0.0,-0.0,-0.0,-0.0,-0.0,-0.0,-0.0,0.035260229128816344,-0.0,-0.0,-0.0,-0.0,-0.0,-0.0,-0.0,-0.0,-0.0,-0.0,-0.0,-0.0
2020-02-10 12:10:54.545454545,-0.0,-0.0,-0.0,-0.0,-0.0,-0.0,-0.0,-0.0,-0.0,-0.0,-0.0,-0.0,-0.0,-0.0,-0.0,-0.0,-0.0,-0.0,0.0690562258099258,0.2884982225888358,-0.0,-0.0,-0.0,-0.0,0.28134062637245366,-0.0,-0.0,-0.0,-0.0,-0.0,-0.0,-0.0,-0.0,-0.0,-0.0,-0.0,-0.0,-0.0,-0.0,-0.0,-0.0,-0.0,0.018061822365450442,-0.0,-0.0,0.0030141326962397877,-0.0,-0.0,-0.0,-0.0,0.09670282712902856,-0.0,-0.0,-0.0,-0.0,-0.0,-0.0,-0.0,-0.0,-0.0,-0.0,-0.0,-0.0,-0.0,-0.0,-0.0,-0.0,-0.0,-0.0,-0.0,0.08203013391026921,-0.0,-0.0,-0.0,-0.0,0.09265575802942984,-0.0,0.04733038230194292,-0.0,0.03117091620071112,-0.0,-0.0,-0.0,-0.0,-0.0,-0.0,-0.0,0.02769912556565949,-0.0,-0.0,-0.0,-0.0,-0.0,-0.0,-0.0,-0.0,-0.0,-0.0,-0.0,-0.0
2020-02-10 12:40:00.000000000,-0.0,-0.0,-0.0,-0.0,-0.0,-0.0,-0.0,-0.0,-0.0,-0.0,-0.0,-0.0,-0.0,-0.0,-0.0,-0.0,-0.0,-0.0,0.06386581546954295,0.27691376079651064,-0.0,-0.0,-0.0,-0.0,0.28250518596792523,-0.0,-0.0,-0.0,-0.0,-0.0,-0.0,-0.0,-0.0,-0.0,-0.0,-0.0,-0.0,-0.0,-0.0,-0.0,-0.0,-0.0,0.01007280155243373,-0.0,-0.0,-0.0,-0.0,-0.0,-0.0,-0.0,0.09284791210290509,-0.0,-0.0,-0.0,-0.0,-0.0,-0.0,-0.0,-0.0,-0.0,-0.0,-0.0,-0.0,-0.0,-0.0,-0.0,-0.0,-0.0,-0.0,-0.0,0.07924854014792763,-0.0,-0.0,-0.0,-0.0,0.08776793337761259,-0.0,0.03533535199481653,-0.0,0.027557252473637144,-0.0,-0.0,-0.0,-0.0,-0.0,-0.0,-0.0,0.025529318021221204,-0.0,-0.0,-0.0,-0.0,-0.0,-0.0,-0.0,-0.0,-0.0,-0.0,-0.0,-0.0
2020-02-10 13:09:05.454545454,-0.0,-0.0,-0.0,-0.0,-0.0,-0.0,-0.0,-0.0,-0.0,-0.0,-0.0,-0.0,-0.0,-0.0,-0.0,-0.0,-0.0,-0.0,0.04926448767669854,0.25237133099555603,-0.0,-0.0,-0.0,-0.0,0.25582482702460785,-0.0,-0.0,-0.0,-0.0,-0.0,-0.0,-0.0,-0.0,-0.0,-0.0,-0.0,-0.0,-0.0,-0.0,-0.0,-0.0,-0.0,-0.0,-0.0,-0.0,-0.0,-0.0,-0.0,-0.0,-0.0,0.07709368618251033,-0.0,-0.0,-0.0,-0.0,-0.0,-0.0,-0.0,-0.0,-0.0,-0.0,-0.0,-0.0,-0.0,-0.0,-0.0,-0.0,-0.0,-0.0,-0.0,0.06221081554374965,-0.0,-0.0,-0.0,-0.0,0.07402690041477279,-0.0,0.019267987081619743,-0.0,0.017036985217705337,-0.0,-0.0,-0.0,-0.0,-0.0,-0.0,-0.0,0.011857081857754548,-0.0,-0.0,-0.0,-0.0,-0.0,-0.0,-0.0,-0.0,-0.0,-0.0,-0.0,-0.0
2020-02-10 13:38:10.909090909,-0.0,-0.0,-0.0,-0.0,-0.0,-0.0,-0.0,-0.0,-0.0,-0.0,-0.0,-0.0,-0.0,-0.0,-0.0,-0.0,-0.0,-0.0,0.03696291116459697,0.22968723693234683,-0.0,-0.0,-0.0,-0.0,0.23751479548004387,-0.0,-0.0,-0.0,-0.0,-0.0,-0.0,-0.0,-0.0,-0.0,-0.0,-0.0,-0.0,-0.0,-0.0,-0.0,-0.0,-0.0,-0.0,-0.0,-0.0,-0.0,-0.0,-0.0,-0.0,-0.0,0.06631739075770961,-0.0,-0.0,-0.0,-0.0,-0.0,-0.0,-0.0,-0.0,-0.0,-0.0,-0.0,-0.0,-0.0,-0.0,-0.0,-0.0,-0.0,-0.0,-0.0,0.04867014222570187,-0.0,-0.0,-0.0,-0.0,0.06091345382105736,-0.0,0.005068146557367158,-0.0,0.00690231134039582,-0.0,-0.0,-0.0,-0.0,-0.0,-0.0,-0.0,0.0020429445706514095,-0.0,-0.0,-0.0,-0.0,-0.0,-0.0,-0.0,-0.0,-0.0,-0.0,-0.0,-0.0
2020-02-10 14:07:16.363636363,-0.0,-0.0,-0.0,-0.0,-0.0,-0.0,-0.0,-0.0,-0.0,-0.0,-0.0,-0.0,-0.0,-0.0,-0.0,-0.0,-0.0,-0.0,0.03521716548203984,0.22725054343242748,-0.0,-0.0,-0.0,-0.0,0.2439498991496744,-0.0,-0.0,-0.0,-0.0,-0.0,-0.0,-0.0,-0.0,-0.0,-0.0,-0.0,-0.0,-0.0,-0.0,-0.0,-0.0,-0.0,-0.0,-0.0,-0.0,-0.0,-0.0,-0.0,-0.0,-0.0,0.07461437004027588,-0.0,-0.0,-0.0,-0.0,-0.0,-0.0,-0.0,-0.0,-0.0,-0.0,-0.0,-0.0,-0.0,-0.0,-0.0,-0.0,-0.0,-0.0,-0.0,0.04734936236611208,-0.0,-0.0,-0.0,-0.0,0.05918790914373052,-0.0,-0.0,-0.0,0.005499350296282163,-0.0,-0.0,-0.0,-0.0,-0.0,-0.0,-0.0,0.0027840366282762836,-0.0,-0.0,-0.0,-0.0,-0.0,-0.0,-0.0,-0.0,-0.0,-0.0,-0.0,-0.0
2020-02-10 14:36:21.818181818,-0.0,-0.0,-0.0,-0.0,-0.0,-0.0,-0.0,-0.0,-0.0,-0.0,-0.0,-0.0,-0.0,-0.0,-0.0,-0.0,-0.0,-0.0,0.023296519052537556,0.205240770486881,-0.0,-0.0,-0.0,-0.0,0.22144670721572357,-0.0,-0.0,-0.0,-0.0,-0.0,-0.0,-0.0,-0.0,-0.0,-0.0,-0.0,-0.0,-0.0,-0.0,-0.0,-0.0,-0.0,-0.0,-0.0,-0.0,-0.0,-0.0,-0.0,-0.0,-0.0,0.05757007136480667,-0.0,-0.0,-0.0,-0.0,-0.0,-0.0,-0.0,-0.0,-0.0,-0.0,-0.0,-0.0,-0.0,-0.0,-0.0,-0.0,-0.0,-0.0,-0.0,0.03340447930635482,-0.0,-0.0,-0.0,-0.0,0.04677702110350026,-0.0,-0.0,-0.0,-0.0,-0.0,-0.0,-0.0,-0.0,-0.0,-0.0,-0.0,-0.0,-0.0,-0.0,-0.0,-0.0,-0.0,-0.0,-0.0,-0.0,-0.0,-0.0,-0.0,-0.0
2020-02-10 15:05:27.272727272,-0.0,-0.0,-0.0,-0.0,-0.0,-0.0,-0.0,-0.0,-0.0,-0.0,-0.0,-0.0,-0.0,-0.0,-0.0,-0.0,-0.0,-0.0,0.015419561916214814,0.19003876842024736,-0.0,-0.0,-0.0,-0.0,0.2106439176024247,-0.0,-0.0,-0.0,-0.0,-0.0,-0.0,-0.0,-0.0,-0.0,-0.0,-0.0,-0.0,-0.0,-0.0,-0.0,-0.0,-0.0,-0.0,-0.0,-0.0,-0.0,-0.0,-0.0,-0.0,-0.0,0.05165246763902359,-0.0,-0.0,-0.0,-0.0,-0.0,-0.0,-0.0,-0.0,-0.0,-0.0,-0.0,-0.0,-0.0,-0.0,-0.0,-0.0,-0.0,-0.0,-0.0,0.02517866077042666,-0.0,-0.0,-0.0,-0.0,0.03753552580716912,-0.0,-0.0,-0.0,-0.0,-0.0,-0.0,-0.0,-0.0,-0.0,-0.0,-0.0,-0.0,-0.0,-0.0,-0.0,-0.0,-0.0,-0.0,-0.0,-0.0,-0.0,-0.0,-0.0,-0.0
2020-02-10 15:34:32.727272727,-0.0,-0.0,-0.0,-0.0,-0.0,-0.0,-0.0,-0.0,-0.0,-0.0,-0.0,-0.0,-0.0,-0.0,-0.0,-0.0,-0.0,-0.0,0.009205477198086771,0.17846051309100544,-0.0,-0.0,-0.0,-0.0,0.20281410620499063,-0.0,-0.0,-0.0,-0.0,-0.0,-0.0,-0.0,-0.0,-0.0,-0.0,-0.0,-0.0,-0.0,-0.0,-0.0,-0.0,-0.0,-0.0,-0.0,-0.0,-0.0,-0.0,-0.0,-0.0,-0.0,0.04743101153545671,-0.0,-0.0,-0.0,-0.0,-0.0,-0.0,-0.0,-0.0,-0.0,-0.0,-0.0,-0.0,-0.0,-0.0,-0.0,-0.0,-0.0,-0.0,-0.0,0.01841454666784723,-0.0,-0.0,-0.0,-0.0,0.030819814558303196,-0.0,-0.0,-0.0,-0.0,-0.0,-0.0,-0.0,-0.0,-0.0,-0.0,-0.0,-0.0,-0.0,-0.0,-0.0,-0.0,-0.0,-0.0,-0.0,-0.0,-0.0,-0.0,-0.0,-0.0
2020-02-10 16:03:38.181818181,-0.0,-0.0,-0.0,-0.0,-0.0,-0.0,-0.0,-0.0,-0.0,-0.0,-0.0,-0.0,-0.0,-0.0,-0.0,-0.0,-0.0,-0.0,0.0036667378566304807,0.16849113346700842,-0.0,-0.0,-0.0,-0.0,0.19706463382101316,-0.0,-0.0,-0.0,-0.0,-0.0,-0.0,-0.0,-0.0,-0.0,-0.0,-0.0,-0.0,-0.0,-0.0,-0.0,-0.0,-0.0,-0.0,-0.0,-0.0,-0.0,-0.0,-0.0,-0.0,-0.0,0.04470945929080307,-0.0,-0.0,-0.0,-0.0,-0.0,-0.0,-0.0,-0.0,-0.0,-0.0,-0.0,-0.0,-0.0,-0.0,-0.0,-0.0,-0.0,-0.0,-0.0,0.012425133394807383,-0.0,-0.0,-0.0,-0.0,0.024887764111120658,-0.0,-0.0,-0.0,-0.0,-0.0,-0.0,-0.0,-0.0,-0.0,-0.0,-0.0,-0.0,-0.0,-0.0,-0.0,-0.0,-0.0,-0.0,-0.0,-0.0,-0.0,-0.0,-0.0,-0.0
2020-02-10 16:32:43.636363636,-0.0,-0.0,-0.0,-0.0,-0.0,-0.0,-0.0,-0.0,-0.0,-0.0,-0.0,-0.0,-0.0,-0.0,-0.0,-0.0,-0.0,-0.0,-0.0,0.15886479267801143,-0.0,-0.0,-0.0,-0.0,0.1925097853518116,-0.0,-0.0,-0.0,-0.0,-0.0,-0.0,-0.0,-0.0,-0.0,-0.0,-0.0,-0.0,-0.0,-0.0,-0.0,-0.0,-0.0,-0.0,-0.0,-0.0,-0.0,-0.0,-0.0,-0.0,-0.0,0.042739414108810714,-0.0,-0.0,-0.0,-0.0,-0.0,-0.0,-0.0,-0.0,-0.0,-0.0,-0.0,-0.0,-0.0,-0.0,-0.0,-0.0,-0.0,-0.0,-0.0,0.007153925900174313,-0.0,-0.0,-0.0,-0.0,0.019632391635078534,-0.0,-0.0,-0.0,-0.0,-0.0,-0.0,-0.0,-0.0,-0.0,-0.0,-0.0,-0.0,-0.0,-0.0,-0.0,-0.0,-0.0,-0.0,-0.0,-0.0,-0.0,-0.0,-0.0,-0.0
2020-02-10 17:01:49.090909090,-0.0,-0.0,-0.0,-0.0,-0.0,-0.0,-0.0,-0.0,-0.0,-0.0,-0.0,-0.0,-0.0,-0.0,-0.0,-0.0,-0.0,-0.0,-0.0,0.15134773393320175,-0.0,-0.0,-0.0,-0.0,0.18884098883802966,-0.0,-0.0,-0.0,-0.0,-0.0,-0.0,-0.0,-0.0,-0.0,-0.0,-0.0,-0.0,-0.0,-0.0,-0.0,-0.0,-0.0,-0.0,-0.0,-0.0,-0.0,-0.0,-0.0,-0.0,-0.0,0.04140181436231921,-0.0,-0.0,-0.0,-0.0,-0.0,-0.0,-0.0,-0.0,-0.0,-0.0,-0.0,-0.0,-0.0,-0.0,-0.0,-0.0,-0.0,-0.0,-0.0,0.002545415203953219,-0.0,-0.0,-0.0,-0.0,0.014987500148805606,-0.0,-0.0,-0.0,-0.0,-0.0,-0.0,-0.0,-0.0,-0.0,-0.0,-0.0,-0.0,-0.0,-0.0,-0.0,-0.0,-0.0,-0.0,-0.0,-0.0,-0.0,-0.0,-0.0,-0.0
2020-02-10 17:30:54.545454545,-0.0,-0.0,-0.0,-0.0,-0.0,-0.0,-0.0,-0.0,-0.0,-0.0,-0.0,-0.0,-0.0,-0.0,-0.0,-0.0,-0.0,-0.0,-0.0,0.14458452910913108,-0.0,-0.0,-0.0,-0.0,0.18569195417812,-0.0,-0.0,-0.0,-0.0,-0.0,-0.0,-0.0,-0.0,-0.0,-0.0,-0.0,-0.0,-0.0,-0.0,-0.0,-0.0,-0.0,-0.0,-0.0,-0.0,-0.0,-0.0,-0.0,-0.0,-0.0,0.04032662213685851,-0.0,-0.0,-0.0,-0.0,-0.0,-0.0,-0.0,-0.0,-0.0,-0.0,-0.0,-0.0,-0.0,-0.0,-0.0,-0.0,-0.0,-0.0,-0.0,-0.0,-0.0,-0.0,-0.0,-0.0,0.010805022235298053,-0.0,-0.0,-0.0,-0.0,-0.0,-0.0,-0.0,-0.0,-0.0,-0.0,-0.0,-0.0,-0.0,-0.0,-0.0,-0.0,-0.0,-0.0,-0.0,-0.0,-0.0,-0.0,-0.0,-0.0
2020-02-10 18:00:00.000000000,-0.0,-0.0,-0.0,-0.0,-0.0,-0.0,-0.0,-0.0,-0.0,-0.0,-0.0,-0.0,-0.0,-0.0,-0.0,-0.0,-0.0,-0.0,-0.0,0.1369457124454669,-0.0,-0.0,-0.0,-0.0,0.1827020661121042,-0.0,-0.0,-0.0,-0.0,-0.0,-0.0,-0.0,-0.0,-0.0,-0.0,-0.0,-0.0,-0.0,-0.0,-0.0,-0.0,-0.0,-0.0,-0.0,-0.0,-0.0,-0.0,-0.0,-0.0,-0.0,0.03932204811120858,-0.0,-0.0,-0.0,-0.0,-0.0,-0.0,-0.0,-0.0,-0.0,-0.0,-0.0,-0.0,-0.0,-0.0,-0.0,-0.0,-0.0,-0.0,-0.0,-0.0,-0.0,-0.0,-0.0,-0.0,0.006926938446251566,-0.0,-0.0,-0.0,-0.0,-0.0,-0.0,-0.0,-0.0,-0.0,-0.0,-0.0,-0.0,-0.0,-0.0,-0.0,-0.0,-0.0,-0.0,-0.0,-0.0,-0.0,-0.0,-0.0,-0.0
